Team,Min,Pts,FGM,FGA,FG%,3PM,3PA,3P%,FTM,FTA,FT%,OREB,DREB,REB,AST,STL,BLK,TOV,PF,WinsLosses
UTA,240,129,51,93,54.8,16,36,44.4,11,14,78.6,15,45,60,30,8,6,17,27,W
UTA,240,97,33,86,38.4,11,35,31.4,20,27,74.1,12,32,44,19,11,1,16,19,L
UTA,240,117,46,83,55.4,13,29,44.8,12,23,52.2,9,40,49,20,7,10,17,19,W
UTA,240,106,42,93,45.2,11,34,32.4,11,18,61.1,10,34,44,35,12,4,13,19,L
UTA,240,120,47,85,55.3,16,31,51.6,10,17,58.8,6,36,42,35,7,6,15,21,W
UTA,240,108,37,93,39.8,16,42,38.1,18,22,81.8,10,42,52,30,7,6,16,16,W
UTA,240,97,32,82,39,10,35,28.6,23,31,74.2,11,41,52,23,9,4,24,25,L
UTA,240,89,28,89,31.5,7,29,24.1,26,28,92.9,11,31,42,17,13,4,10,19,L
UTA,240,111,40,76,52.6,16,32,50,15,21,71.4,7,45,52,29,6,4,17,19,W
UTA,240,113,43,84,51.2,8,29,27.6,19,30,63.3,11,34,45,30,11,4,20,28,L
UTA,240,97,37,85,43.5,9,29,31,14,19,73.7,9,29,38,23,8,4,16,15,L
UTA,240,118,45,89,50.6,8,32,25,20,27,74.1,12,35,47,26,16,4,12,24,W
UTA,240,139,51,84,60.7,20,33,60.6,17,20,85,5,37,42,38,12,5,18,20,W
UTA,240,100,39,89,43.8,11,33,33.3,11,15,73.3,10,40,50,21,8,6,14,18,L
UTA,240,119,44,81,54.3,18,40,45,13,18,72.2,6,35,41,32,5,5,14,13,W
UTA,240,101,39,82,47.6,9,28,32.1,14,21,66.7,8,40,48,17,10,6,19,25,W
UTA,240,88,34,81,42,8,31,25.8,12,17,70.6,10,28,38,25,10,4,19,17,L
UTA,240,133,49,92,53.3,10,30,33.3,25,33,75.8,13,36,49,30,11,5,19,26,W
UTA,240,83,33,85,38.8,4,23,17.4,13,17,76.5,7,34,41,22,12,3,19,21,L
UTA,240,110,38,88,43.2,12,39,30.8,22,31,71,12,34,46,21,7,7,10,21,L
UTA,240,94,36,74,48.6,11,25,44,11,16,68.8,3,33,36,26,6,10,19,18,L
UTA,240,98,35,78,44.9,11,38,28.9,17,27,63,7,39,46,23,11,4,15,23,W
UTA,240,107,41,88,46.6,4,22,18.2,21,37,56.8,10,29,39,15,10,4,13,25,L
UTA,240,68,25,81,30.9,6,35,17.1,12,19,63.2,8,25,33,16,11,3,22,21,L
UTA,240,96,32,82,39,9,32,28.1,23,30,76.7,13,36,49,19,7,6,15,25,W
UTA,240,123,43,77,55.8,13,34,38.2,24,30,80,8,37,45,29,4,4,17,21,W
UTA,240,117,43,89,48.3,13,37,35.1,18,26,69.2,8,27,35,31,12,10,12,32,W
UTA,240,111,38,86,44.2,8,31,25.8,27,41,65.9,12,28,40,29,10,4,12,19,L
UTA,240,88,33,81,40.7,6,31,19.4,16,24,66.7,10,30,40,22,12,7,13,21,L
UTA,240,100,36,77,46.8,14,36,38.9,14,25,56,10,29,39,21,3,5,14,25,L
UTA,240,125,47,97,48.5,13,30,43.3,18,30,60,20,28,48,25,9,5,14,22,L
UTA,240,113,42,80,52.5,10,25,40,19,22,86.4,8,35,43,25,8,6,18,27,W
UTA,240,132,46,88,52.3,10,32,31.3,30,37,81.1,6,37,43,32,7,7,13,26,W
UTA,240,100,34,78,43.6,10,29,34.5,22,28,78.6,9,38,47,21,7,5,19,21,W
UTA,240,84,29,82,35.4,8,32,25,18,23,78.3,10,40,50,18,6,6,15,22,L
UTA,240,123,40,89,44.9,19,46,41.3,24,29,82.8,10,28,38,24,11,4,17,19,L
UTA,240,123,41,79,51.9,13,27,48.1,28,38,73.7,5,39,44,21,8,4,17,19,W
UTA,265,137,47,106,44.3,14,35,40,29,33,87.9,17,40,57,31,8,11,17,24,L
UTA,240,118,41,78,52.6,10,27,37,26,34,76.5,9,39,48,24,5,5,15,21,W
UTA,240,109,38,84,45.2,13,42,31,20,28,71.4,10,25,35,25,11,4,11,17,L
UTA,240,119,44,85,51.8,15,33,45.5,16,25,64,7,39,46,30,9,6,16,26,W
UTA,240,118,44,77,57.1,16,32,50,14,18,77.8,7,38,45,30,2,9,20,16,W
UTA,240,111,38,79,48.1,15,35,42.9,20,26,76.9,5,42,47,30,7,3,18,25,W
UTA,240,128,48,87,55.2,14,32,43.8,18,18,100,8,36,44,26,7,7,18,22,W
UTA,240,115,41,83,49.4,10,32,31.3,23,36,63.9,8,46,54,33,4,5,11,18,W
UTA,240,125,48,86,55.8,10,21,47.6,19,23,82.6,10,33,43,31,11,4,14,23,W
UTA,240,114,46,95,48.4,11,32,34.4,11,15,73.3,12,46,58,27,7,8,12,17,W
UTA,240,114,43,94,45.7,10,32,31.3,18,26,69.2,14,35,49,25,12,3,15,24,L
UTA,240,137,48,85,56.5,20,42,47.6,21,25,84,7,33,40,38,7,3,10,18,W
UTA,240,116,49,91,53.8,14,37,37.8,4,6,66.7,7,34,41,35,10,8,17,21,W
UTA,240,114,39,91,42.9,13,36,36.1,23,31,74.2,15,50,65,24,3,7,15,21,W
UTA,240,120,44,89,49.4,13,38,34.2,19,27,70.4,13,36,49,30,7,8,12,20,W
UTA,240,114,42,90,46.7,12,33,36.4,18,25,72,12,40,52,30,8,4,12,22,W
UTA,240,89,32,88,36.4,13,43,30.2,12,17,70.6,11,37,48,22,12,6,14,25,L
UTA,240,104,35,82,42.7,18,48,37.5,16,24,66.7,10,31,41,21,8,10,13,20,L
UTA,240,114,46,88,52.3,8,30,26.7,14,22,63.6,9,36,45,31,9,8,20,20,W
UTA,240,112,43,92,46.7,14,38,36.8,12,14,85.7,13,34,47,35,3,6,18,17,L
UTA,240,115,44,96,45.8,12,29,41.4,15,26,57.7,16,37,53,22,13,7,13,23,W
UTA,240,111,37,84,44,16,43,37.2,21,33,63.6,10,34,44,25,6,6,11,22,W
UTA,240,111,38,92,41.3,11,34,32.4,24,32,75,14,42,56,22,9,12,16,23,W
UTA,240,125,41,85,48.2,14,38,36.8,29,33,87.9,8,45,53,28,2,9,7,21,W
UTA,290,147,52,105,49.5,18,40,45,25,31,80.6,15,46,61,33,8,10,25,25,L
UTA,240,108,41,87,47.1,10,26,38.5,16,21,76.2,7,42,49,23,3,4,16,21,L
UTA,240,125,47,90,52.2,16,41,39,15,20,75,9,43,52,29,7,3,11,17,W
UTA,240,116,42,84,50,11,28,39.3,21,32,65.6,12,31,43,29,13,5,16,18,W
UTA,240,98,31,86,36,11,41,26.8,25,36,69.4,14,37,51,19,8,9,23,21,L
UTA,240,128,46,87,52.9,12,35,34.3,24,30,80,11,40,51,31,4,6,15,22,W
UTA,240,105,38,85,44.7,11,34,32.4,18,21,85.7,8,28,36,24,9,4,17,22,L
UTA,240,125,46,86,53.5,15,39,38.5,18,25,72,6,30,36,30,8,5,9,17,W
UTA,240,106,37,94,39.4,13,40,32.5,19,25,76,16,31,47,25,9,8,11,19,W
UTA,240,114,38,88,43.2,19,46,41.3,19,27,70.4,12,28,40,28,7,7,13,20,W
UTA,240,104,36,91,39.6,7,33,21.2,25,31,80.6,13,35,48,21,5,8,15,19,L
UTA,240,115,44,85,51.8,13,37,35.1,14,15,93.3,8,40,48,33,6,5,19,22,W
UTA,240,129,44,86,51.2,11,33,33.3,30,37,81.1,8,40,48,27,9,7,13,15,W
UTA,240,100,31,80,38.8,12,37,32.4,26,36,72.2,11,44,55,20,5,3,18,18,W
UTA,240,110,38,88,43.2,16,45,35.6,18,25,72,10,42,52,23,6,11,13,18,W
UTA,240,113,38,96,39.6,15,42,35.7,22,32,68.8,15,50,65,24,9,9,16,20,W
UTA,240,106,41,84,48.8,12,33,36.4,12,14,85.7,4,40,44,24,5,3,13,20,W
UTA,240,102,36,86,41.9,14,37,37.8,16,23,69.6,11,35,46,20,6,6,15,21,L
UTA,240,110,39,82,47.6,7,21,33.3,25,32,78.1,7,35,42,24,12,6,12,23,W
UTA,240,117,42,82,51.2,14,35,40,19,22,86.4,8,39,47,28,6,9,11,19,W
UTA,240,116,42,97,43.3,9,32,28.1,23,29,79.3,12,31,43,23,6,4,4,27,L
TOR,240,95,34,92,37,9,33,27.3,18,20,90,17,35,52,17,5,8,12,15,W
TOR,240,87,28,95,29.5,12,34,35.3,19,24,79.2,14,27,41,18,4,10,11,21,L
TOR,240,106,37,79,46.8,13,30,43.3,19,23,82.6,10,33,43,19,8,2,16,16,W
TOR,240,101,37,95,38.9,10,40,25,17,19,89.5,8,33,41,17,5,2,15,24,L
TOR,240,126,48,91,52.7,9,31,29,21,26,80.8,13,31,44,21,9,5,9,23,W
TOR,240,99,38,93,40.9,7,30,23.3,16,21,76.2,11,32,43,20,15,9,9,19,W
TOR,240,86,35,88,39.8,7,35,20,9,14,64.3,13,38,51,13,5,4,12,16,L
TOR,240,122,43,78,55.1,18,31,58.1,18,21,85.7,6,31,37,20,4,4,17,21,L
TOR,240,113,44,91,48.4,9,28,32.1,16,19,84.2,10,38,48,27,12,3,11,17,W
TOR,240,123,50,96,52.1,14,29,48.3,9,12,75,10,33,43,34,8,6,9,22,W
TOR,240,99,39,94,41.5,15,44,34.1,6,7,85.7,11,34,45,24,6,11,11,21,L
TOR,265,105,35,89,39.3,11,35,31.4,24,29,82.8,6,35,41,25,9,7,15,19,L
TOR,240,113,43,100,43,8,29,27.6,19,22,86.4,17,36,53,25,12,3,11,13,W
TOR,240,103,40,87,46,11,41,26.8,12,12,100,7,34,41,28,11,5,17,21,L
TOR,240,106,39,80,48.8,7,26,26.9,21,25,84,6,36,42,15,5,5,12,19,W
TOR,265,131,47,90,52.2,15,38,39.5,22,24,91.7,7,30,37,25,5,6,15,23,W
TOR,240,122,42,69,60.9,18,33,54.5,20,28,71.4,4,27,31,25,5,5,15,18,W
TOR,240,125,47,90,52.2,11,35,31.4,20,25,80,11,36,47,25,4,7,11,21,W
TOR,240,125,46,93,49.5,17,39,43.6,16,19,84.2,13,37,50,32,5,6,15,23,W
TOR,240,124,48,90,53.3,11,29,37.9,17,23,73.9,14,41,55,33,6,1,19,21,W
TOR,240,93,39,87,44.8,9,34,26.5,6,8,75,6,37,43,23,7,5,16,19,W
TOR,240,122,48,89,53.9,14,35,40,12,13,92.3,8,46,54,31,14,10,23,24,W
TOR,265,116,42,97,43.3,8,29,27.6,24,29,82.8,11,32,43,20,12,4,14,23,L
TOR,240,104,45,92,48.9,4,20,20,10,17,58.8,12,37,49,23,9,3,20,19,L
TOR,240,110,39,97,40.2,13,45,28.9,19,22,86.4,13,30,43,22,9,5,11,20,L
TOR,240,128,42,79,53.2,14,35,40,30,40,75,12,34,46,24,8,4,15,20,W
TOR,240,114,41,89,46.1,11,36,30.6,21,23,91.3,13,40,53,17,10,4,22,20,W
TOR,240,124,49,86,57,13,33,39.4,13,14,92.9,7,36,43,21,9,3,15,28,W
TOR,240,121,49,98,50,10,35,28.6,13,14,92.9,13,36,49,32,9,4,13,24,W
TOR,240,107,41,81,50.6,12,33,36.4,13,21,61.9,6,33,39,29,11,10,14,23,W
TOR,240,129,47,92,51.1,11,27,40.7,24,28,85.7,9,34,43,29,13,6,16,26,W
TOR,240,109,39,103,37.9,9,45,20,22,28,78.6,15,36,51,25,9,7,10,19,L
TOR,240,116,44,91,48.4,11,27,40.7,17,20,85,12,38,50,23,10,5,13,22,W
TOR,240,112,46,89,51.7,11,32,34.4,9,12,75,11,33,44,26,9,8,17,18,W
TOR,240,127,50,87,57.5,15,39,38.5,12,14,85.7,5,41,46,36,10,8,15,21,W
TOR,240,117,39,88,44.3,10,29,34.5,29,36,80.6,14,38,52,21,5,5,17,29,W
TOR,240,113,43,92,46.7,13,35,37.1,14,19,73.7,12,37,49,24,3,3,13,19,W
TOR,240,116,45,92,48.9,14,33,42.4,12,20,60,8,35,43,21,6,7,10,29,W
TOR,240,120,46,88,52.3,16,37,43.2,12,17,70.6,7,47,54,24,10,5,18,17,W
TOR,265,117,39,87,44.8,16,41,39,23,27,85.2,4,43,47,26,7,5,11,17,W
TOR,240,111,43,80,53.8,9,26,34.6,16,20,80,5,38,43,27,2,5,14,17,L
TOR,240,115,44,105,41.9,15,38,39.5,12,14,85.7,17,35,52,29,9,1,7,16,W
TOR,240,121,42,84,50,19,37,51.4,18,22,81.8,6,33,39,31,9,8,14,20,W
TOR,240,124,46,89,51.7,18,38,47.4,14,18,77.8,6,41,47,35,10,4,12,15,W
TOR,240,117,40,89,44.9,20,47,42.6,17,22,77.3,6,38,44,32,8,6,9,28,W
TOR,240,112,42,86,48.8,12,28,42.9,16,16,100,2,37,39,28,13,7,15,16,W
TOR,240,114,45,77,58.4,11,26,42.3,13,13,100,3,32,35,29,6,11,13,17,L
TOR,240,109,39,78,50,13,25,52,18,21,85.7,11,35,46,20,7,7,22,24,L
TOR,265,123,45,87,51.7,14,36,38.9,19,21,90.5,6,46,52,30,11,5,19,27,W
TOR,240,128,49,88,55.7,17,40,42.5,13,22,59.1,5,45,50,36,5,6,15,22,W
TOR,240,107,39,82,47.6,18,36,50,11,14,78.6,7,31,38,25,2,2,12,22,L
TOR,240,111,36,91,39.6,16,41,39,23,29,79.3,13,39,52,21,15,6,17,20,W
TOR,240,101,40,84,47.6,11,39,28.2,10,17,58.8,6,37,43,20,8,3,20,24,L
TOR,240,125,42,74,56.8,21,40,52.5,20,26,76.9,6,38,44,32,8,8,21,23,W
TOR,240,127,53,99,53.5,13,37,35.1,8,9,88.9,7,44,51,31,10,12,16,14,W
TOR,240,95,37,89,41.6,9,32,28.1,12,16,75,16,31,47,16,1,5,13,15,L
TOR,265,107,37,96,38.5,14,39,35.9,19,24,79.2,18,32,50,22,8,3,16,28,L
TOR,240,119,45,81,55.6,10,28,35.7,19,21,90.5,2,30,32,29,9,6,14,17,W
TOR,240,118,46,94,48.9,17,36,47.2,9,14,64.3,8,37,45,33,7,5,9,24,W
TOR,240,98,38,91,41.8,11,28,39.3,11,14,78.6,6,36,42,30,6,2,13,20,L
TOR,240,120,40,94,42.6,14,30,46.7,26,32,81.3,14,33,47,24,8,3,9,20,W
TOR,240,129,44,92,47.8,16,38,42.1,25,30,83.3,9,43,52,32,8,8,15,27,W
TOR,240,127,50,92,54.3,9,31,29,18,20,90,5,35,40,32,12,3,14,16,W
TOR,240,104,33,86,38.4,14,35,40,24,29,82.8,10,37,47,27,8,5,12,15,W
TOR,240,119,40,87,46,13,40,32.5,26,33,78.8,12,38,50,29,6,2,8,23,W
TOR,240,119,41,89,46.1,11,31,35.5,26,32,81.3,15,27,42,27,12,0,13,27,W
TOR,240,121,43,94,45.7,9,33,27.3,26,31,83.9,16,40,56,21,10,5,16,28,W
TOR,240,92,37,93,39.8,7,27,25.9,11,13,84.6,8,31,39,16,9,4,16,20,L
TOR,240,123,37,83,44.6,17,34,50,32,38,84.2,8,36,44,24,6,5,8,27,W
TOR,240,119,44,91,48.4,14,36,38.9,17,18,94.4,12,35,47,27,4,1,21,25,L
TOR,240,106,38,92,41.3,12,39,30.8,18,23,78.3,10,35,45,28,2,5,9,22,L
TOR,240,120,40,91,44,16,40,40,24,35,68.6,12,34,46,25,7,5,16,21,W
TOR,240,119,44,90,48.9,17,36,47.2,14,16,87.5,8,29,37,31,19,8,12,17,W
TOR,240,111,43,86,50,7,28,25,18,25,72,9,30,39,27,8,8,14,27,W
TOR,240,108,41,92,44.6,7,29,24.1,19,21,90.5,14,28,42,20,9,2,13,14,L
TOR,290,140,49,104,47.1,13,36,36.1,29,36,80.6,17,42,59,24,16,8,23,27,W
TOR,240,122,48,105,45.7,11,35,31.4,15,24,62.5,13,42,55,32,10,4,10,22,W
TOR,240,104,37,80,46.3,10,32,31.3,20,27,74.1,6,33,39,26,18,7,19,20,W
TOR,240,121,44,85,51.8,17,33,51.5,16,17,94.1,8,33,41,30,9,4,15,21,W
TOR,240,123,42,82,51.2,14,31,45.2,25,31,80.6,4,34,38,28,9,6,11,22,W
TOR,240,107,39,87,44.8,6,30,20,23,29,79.3,9,30,39,21,9,6,10,23,L
TOR,240,122,45,82,54.9,7,20,35,25,35,71.4,5,40,45,18,4,6,10,21,W
SAS,240,120,45,91,49.5,14,26,53.8,16,18,88.9,8,35,43,27,6,4,11,17,W
SAS,240,122,44,87,50.6,6,23,26.1,28,31,90.3,8,41,49,27,10,4,16,25,W
SAS,240,99,40,89,44.9,8,27,29.6,11,20,55,12,26,38,23,14,3,10,19,L
SAS,240,111,42,90,46.7,10,32,31.3,17,22,77.3,7,43,50,29,6,4,10,17,W
SAS,240,101,42,88,47.7,10,24,41.7,7,11,63.6,5,38,43,24,3,9,9,17,L
SAS,240,124,46,87,52.9,19,33,57.6,13,18,72.2,11,39,50,36,7,3,16,22,W
SAS,240,129,50,77,64.9,12,19,63.2,17,21,81,4,41,45,29,5,4,11,15,W
SAS,240,123,49,87,56.3,9,23,39.1,16,17,94.1,4,41,45,28,5,9,7,14,W
SAS,240,93,32,73,43.8,7,21,33.3,22,26,84.6,7,34,41,18,3,5,15,18,L
SAS,240,125,48,83,57.8,10,22,45.5,19,24,79.2,8,39,47,25,10,7,11,20,W
SAS,240,111,41,83,49.4,13,21,61.9,16,19,84.2,8,38,46,28,7,2,15,15,W
SAS,240,110,47,89,52.8,5,14,35.7,11,12,91.7,10,36,46,26,7,7,11,15,W
SAS,240,133,46,91,50.5,13,31,41.9,28,33,84.8,9,39,48,27,4,7,10,18,W
SAS,240,113,43,96,44.8,7,27,25.9,20,20,100,11,38,49,18,8,2,11,24,L
SAS,240,105,44,90,48.9,7,22,31.8,10,11,90.9,7,25,32,25,7,5,16,19,L
SAS,240,131,50,83,60.2,11,15,73.3,20,22,90.9,5,29,34,29,5,4,12,15,W
SAS,240,105,39,86,45.3,10,28,35.7,17,20,85,9,32,41,24,4,4,13,18,L
SAS,240,89,34,87,39.1,8,27,29.6,13,13,100,12,34,46,23,1,8,19,17,L
SAS,240,108,45,93,48.4,10,30,33.3,8,9,88.9,7,39,46,29,7,2,10,16,W
SAS,240,129,49,92,53.3,10,21,47.6,21,28,75,9,30,39,27,8,3,10,21,L
SAS,240,111,42,83,50.6,10,21,47.6,17,24,70.8,9,37,46,28,3,4,15,19,W
SAS,240,103,35,82,42.7,7,22,31.8,26,30,86.7,10,33,43,21,4,5,9,20,L
SAS,240,126,45,94,47.9,12,24,50,24,30,80,18,26,44,22,7,0,15,20,L
SAS,240,104,41,92,44.6,10,24,41.7,12,17,70.6,11,37,48,24,3,5,11,18,W
SAS,240,111,41,102,40.2,9,29,31,20,25,80,15,30,45,19,7,6,5,24,L
SAS,240,96,35,83,42.2,7,23,30.4,19,24,79.2,13,30,43,16,7,4,18,12,L
SAS,240,99,38,87,43.7,10,31,32.3,13,16,81.3,9,34,43,25,5,4,15,12,L
SAS,240,96,33,74,44.6,10,20,50,20,27,74.1,8,38,46,17,3,5,16,20,W
SAS,240,88,31,94,33,13,32,40.6,13,14,92.9,12,37,49,19,8,5,12,19,L
SAS,240,110,38,88,43.2,12,35,34.3,22,25,88,10,33,43,25,3,5,11,21,L
SAS,240,109,45,96,46.9,8,23,34.8,11,14,78.6,8,35,43,29,8,4,9,21,W
SAS,240,120,46,83,55.4,4,18,22.2,24,26,92.3,6,41,47,24,7,6,14,15,W
SAS,265,113,42,91,46.2,9,20,45,20,21,95.2,5,36,41,27,17,2,17,19,W
SAS,240,110,44,91,48.4,3,16,18.8,19,24,79.2,12,37,49,20,7,5,13,17,W
SAS,240,96,35,87,40.2,6,19,31.6,20,21,95.2,15,31,46,16,3,3,13,16,L
SAS,265,143,50,97,51.5,15,28,53.6,28,38,73.7,10,37,47,32,9,3,9,26,W
SAS,240,108,42,100,42,13,30,43.3,11,14,78.6,15,25,40,29,5,4,6,17,L
SAS,240,112,40,93,43,11,25,44,21,29,72.4,19,33,52,22,3,4,12,22,W
SAS,240,105,41,88,46.6,8,24,33.3,15,18,83.3,8,45,53,22,6,2,11,14,W
SAS,240,112,43,82,52.4,9,22,40.9,17,22,77.3,11,38,49,27,10,5,18,18,W
SAS,240,129,51,91,56,10,25,40,17,20,85,12,30,42,34,3,4,9,18,W
SAS,240,85,31,81,38.3,5,27,18.5,18,25,72,11,27,38,15,9,7,11,14,L
SAS,240,117,42,80,52.5,14,30,46.7,19,22,86.4,4,41,45,23,6,6,17,17,W
SAS,240,106,44,94,46.8,8,27,29.6,10,14,71.4,15,27,42,24,7,3,11,22,L
SAS,240,116,45,85,52.9,14,33,42.4,12,17,70.6,4,29,33,27,8,6,11,14,W
SAS,265,116,44,108,40.7,13,39,33.3,15,21,71.4,17,43,60,24,4,5,13,21,L
SAS,240,115,50,98,51,8,24,33.3,7,8,87.5,11,40,51,32,1,4,8,19,W
SAS,240,105,41,90,45.6,7,24,29.2,16,17,94.1,9,39,48,27,6,7,11,23,L
SAS,240,105,38,88,43.2,14,34,41.2,15,21,71.4,10,36,46,30,2,3,8,13,L
SAS,240,111,41,88,46.6,10,26,38.5,19,22,86.4,10,36,46,20,7,5,10,12,W
SAS,240,108,37,79,46.8,8,17,47.1,26,30,86.7,4,40,44,17,4,10,10,14,W
SAS,240,109,47,88,53.4,7,21,33.3,8,10,80,6,39,45,31,8,6,10,13,W
SAS,240,112,43,82,52.4,8,22,36.4,18,18,100,7,31,38,26,11,3,12,25,W
SAS,240,121,49,100,49,12,29,41.4,11,15,73.3,8,38,46,24,6,3,5,18,W
SAS,240,111,44,89,49.4,10,33,30.3,13,18,72.2,6,43,49,27,4,9,16,23,W
SAS,240,104,41,85,48.2,8,25,32,14,19,73.7,6,37,43,27,8,7,9,13,W
SAS,240,116,45,91,49.5,8,19,42.1,18,25,72,11,38,49,15,8,6,11,19,W
SAS,240,105,42,81,51.9,9,17,52.9,12,17,70.6,7,48,55,24,3,7,12,11,W
SAS,240,85,35,96,36.5,4,24,16.7,11,12,91.7,10,37,47,14,6,6,11,13,L
SAS,240,118,42,94,44.7,6,24,25,28,31,90.3,14,36,50,18,3,4,7,20,L
SAS,240,117,43,89,48.3,12,37,32.4,19,22,86.4,9,39,48,27,7,6,14,22,L
SAS,240,108,36,86,41.9,13,21,61.9,23,29,79.3,10,33,43,23,6,5,8,14,W
SAS,240,105,40,89,44.9,7,22,31.8,18,20,90,5,31,36,24,7,3,9,17,L
SAS,240,118,48,91,52.7,12,21,57.1,10,14,71.4,10,33,43,19,3,3,18,16,L
SAS,240,102,35,81,43.2,12,32,37.5,20,21,95.2,4,26,30,24,6,5,18,19,L
SAS,240,112,42,98,42.9,9,32,28.1,19,21,90.5,15,31,46,18,6,3,9,20,L
SAS,240,113,44,92,47.8,9,23,39.1,16,18,88.9,10,40,50,29,5,2,11,16,W
SAS,240,117,40,100,40,12,33,36.4,25,29,86.2,13,37,50,23,6,3,9,21,W
SAS,240,126,47,100,47,15,34,44.1,17,20,85,14,22,36,29,9,4,11,15,W
SAS,240,132,49,86,57,16,34,47.1,18,21,85.7,7,42,49,31,6,4,16,20,W
SAS,240,126,47,91,51.6,11,24,45.8,21,25,84,9,42,51,30,5,3,10,19,W
SAS,240,120,47,82,57.3,13,27,48.1,13,15,86.7,5,31,36,24,8,6,15,15,L
SAS,240,95,39,84,46.4,8,19,42.1,9,17,52.9,10,41,51,21,6,8,18,25,L
SAS,240,116,41,82,50,11,24,45.8,23,29,79.3,9,32,41,24,3,4,16,25,W
SAS,240,105,41,83,49.4,13,30,43.3,10,12,83.3,11,25,36,26,9,6,9,19,W
SAS,240,93,38,82,46.3,7,20,35,10,12,83.3,3,33,36,21,4,6,12,15,L
SAS,240,112,44,96,45.8,10,31,32.3,14,20,70,13,39,52,21,5,7,14,18,L
SAS,290,154,56,99,56.6,16,19,84.2,26,29,89.7,5,38,43,38,8,10,17,25,W
SAS,240,86,30,83,36.1,11,27,40.7,15,23,65.2,8,45,53,14,4,2,15,19,L
SAS,240,119,43,79,54.4,7,20,35,26,32,81.3,9,29,38,24,5,5,9,15,W
SAS,240,108,36,73,49.3,7,22,31.8,29,35,82.9,3,40,43,26,10,3,17,19,W
SAS,240,125,47,85,55.3,13,27,48.1,18,20,90,8,36,44,32,7,0,13,19,W
POR,240,129,49,83,59,12,22,54.5,19,25,76,7,52,59,28,2,2,21,22,W
POR,240,105,39,91,42.9,9,31,29,18,22,81.8,11,35,46,18,6,4,13,17,L
POR,265,110,38,105,36.2,13,40,32.5,21,23,91.3,11,43,54,20,7,4,15,18,W
POR,240,96,35,89,39.3,9,23,39.1,17,26,65.4,11,31,42,20,7,3,12,20,L
POR,265,121,49,104,47.1,11,38,28.9,12,17,70.6,7,46,53,29,5,6,10,26,W
POR,240,90,35,87,40.2,10,32,31.3,10,18,55.6,13,29,42,17,8,6,14,16,L
POR,240,99,35,75,46.7,11,26,42.3,18,20,90,12,31,43,16,9,4,21,23,W
POR,240,131,47,86,54.7,10,20,50,27,31,87.1,6,27,33,26,5,4,11,32,W
POR,240,128,48,94,51.1,13,27,48.1,19,21,90.5,12,26,38,29,10,4,8,15,W
POR,240,83,32,87,36.8,6,22,27.3,13,16,81.3,4,40,44,15,11,9,14,19,L
POR,240,104,38,87,43.7,10,25,40,18,21,85.7,13,31,44,20,1,4,14,17,L
POR,240,113,39,83,47,10,33,30.3,25,30,83.3,14,39,53,23,10,9,20,20,W
POR,240,108,41,85,48.2,9,27,33.3,17,27,63,13,43,56,24,10,6,17,19,W
POR,240,102,38,84,45.2,7,24,29.2,19,23,82.6,11,37,48,20,7,6,19,29,L
POR,240,118,45,86,52.3,12,29,41.4,16,16,100,9,26,35,25,6,5,17,21,L
POR,240,112,45,85,52.9,6,22,27.3,16,21,76.2,12,32,44,19,7,6,14,23,L
POR,240,115,37,85,43.5,19,39,48.7,22,32,68.8,13,34,47,24,8,1,12,17,W
POR,240,100,42,97,43.3,8,38,21.1,8,10,80,16,42,58,18,2,5,12,24,L
POR,240,97,38,93,40.9,9,24,37.5,12,22,54.5,12,27,39,22,9,2,13,16,L
POR,240,100,34,93,36.6,9,41,22,23,28,82.1,10,30,40,13,8,6,17,20,L
POR,240,118,45,95,47.4,16,35,45.7,12,17,70.6,14,29,43,25,8,4,12,19,W
POR,240,119,39,86,45.3,11,30,36.7,30,35,85.7,9,43,52,26,4,3,15,25,W
POR,240,96,37,88,42,8,29,27.6,14,20,70,11,37,48,16,6,1,18,14,L
POR,240,117,41,93,44.1,14,33,42.4,21,23,91.3,11,36,47,24,8,10,15,21,L
POR,240,100,39,86,45.3,14,36,38.9,8,10,80,15,40,55,22,4,2,21,14,W
POR,240,116,40,97,41.2,10,26,38.5,26,28,92.9,14,39,53,18,4,8,7,20,W
POR,240,118,48,91,52.7,17,43,39.5,5,8,62.5,11,40,51,23,7,3,12,17,W
POR,240,111,38,86,44.2,7,28,25,28,32,87.5,17,49,66,15,7,1,17,20,W
POR,240,110,44,104,42.3,6,35,17.1,16,22,72.7,16,34,50,20,10,5,14,21,L
POR,240,132,44,87,50.6,18,35,51.4,26,31,83.9,8,38,46,26,4,4,14,30,W
POR,240,104,38,80,47.5,8,20,40,20,23,87,7,44,51,17,4,4,20,19,W
POR,240,103,38,78,48.7,10,26,38.5,17,18,94.4,9,41,50,19,3,3,18,23,W
POR,240,111,37,88,42,12,33,36.4,25,28,89.3,8,34,42,14,7,8,9,25,L
POR,240,128,48,87,55.2,11,27,40.7,21,26,80.8,12,32,44,24,6,6,11,22,W
POR,265,124,43,108,39.8,11,39,28.2,27,31,87.1,17,53,70,22,6,4,20,22,L
POR,240,121,45,84,53.6,15,32,46.9,16,19,84.2,8,38,46,24,5,3,12,14,W
POR,240,128,44,100,44,13,37,35.1,27,29,93.1,14,40,54,21,9,10,17,26,W
POR,240,136,53,91,58.2,14,24,58.3,16,22,72.7,14,30,44,19,5,2,13,17,W
POR,240,104,37,90,41.1,11,37,29.7,19,22,86.4,11,34,45,18,8,10,14,14,W
POR,240,115,41,89,46.1,9,28,32.1,24,29,82.8,17,41,58,22,5,5,16,16,W
POR,240,110,42,86,48.8,10,29,34.5,16,20,80,12,28,40,24,6,2,15,23,L
POR,240,116,48,94,51.1,10,31,32.3,10,16,62.5,14,40,54,28,9,3,14,14,W
POR,240,132,50,91,54.9,15,30,50,17,24,70.8,15,35,50,31,6,9,14,17,W
POR,240,90,38,102,37.3,4,21,19,10,11,90.9,18,41,59,18,7,5,17,19,L
POR,240,118,45,96,46.9,9,32,28.1,19,22,86.4,10,45,55,19,4,4,9,9,W
POR,240,118,43,83,51.8,11,32,34.4,21,25,84,9,36,45,30,4,3,8,16,W
POR,290,148,53,121,43.8,14,45,31.1,28,36,77.8,16,39,55,35,9,5,5,30,W
POR,240,117,43,79,54.4,11,26,42.3,20,27,74.1,11,31,42,22,4,4,13,14,W
POR,240,126,45,91,49.5,16,36,44.4,20,25,80,12,36,48,23,6,4,14,17,W
POR,240,106,37,79,46.8,13,32,40.6,19,21,90.5,8,30,38,24,8,9,18,23,W
POR,240,103,42,101,41.6,7,28,25,12,14,85.7,14,37,51,23,4,2,9,22,L
POR,240,122,43,96,44.8,10,27,37,26,32,81.3,17,37,54,26,7,8,15,18,W
POR,240,125,47,96,49,12,31,38.7,19,26,73.1,18,32,50,27,8,3,12,20,W
POR,240,127,43,86,50,13,29,44.8,28,36,77.8,12,40,52,19,5,7,17,27,W
POR,265,121,37,94,39.4,9,41,22,38,47,80.9,14,37,51,14,7,8,14,27,L
POR,240,111,42,79,53.2,9,29,31,18,21,85.7,5,31,36,25,7,4,20,29,L
POR,240,118,43,96,44.8,11,32,34.4,21,23,91.3,13,35,48,26,9,3,11,23,W
POR,240,117,42,85,49.4,14,33,42.4,19,23,82.6,9,33,42,24,9,4,18,25,L
POR,240,97,38,90,42.2,6,33,18.2,15,20,75,13,35,48,14,11,2,12,15,W
POR,240,123,44,78,56.4,18,29,62.1,17,22,77.3,6,39,45,26,5,6,13,24,W
POR,240,130,49,99,49.5,5,23,21.7,27,29,93.1,19,34,53,29,8,6,11,23,W
POR,240,113,46,105,43.8,7,32,21.9,14,16,87.5,19,41,60,19,7,9,14,21,W
POR,240,129,43,93,46.2,16,37,43.2,27,34,79.4,14,34,48,24,3,4,4,16,W
POR,240,111,36,87,41.4,11,29,37.9,28,38,73.7,10,36,46,18,8,7,13,24,L
POR,240,101,42,86,48.8,9,29,31,8,14,57.1,12,36,48,24,7,4,19,26,L
POR,240,127,49,91,53.8,11,31,35.5,18,18,100,4,29,33,26,11,4,8,14,W
POR,240,108,42,93,45.2,15,39,38.5,9,12,75,7,26,33,30,6,2,13,21,L
POR,240,132,48,90,53.3,16,32,50,20,23,87,11,35,46,28,7,5,15,17,W
POR,240,120,41,82,50,11,30,36.7,27,30,90,11,36,47,26,8,7,19,23,W
POR,240,120,44,94,46.8,12,26,46.2,20,20,100,14,39,53,25,8,8,17,24,W
POR,240,114,43,95,45.3,10,36,27.8,18,22,81.8,20,32,52,21,7,3,20,20,L
POR,240,109,45,90,50,8,18,44.4,11,15,73.3,7,37,44,30,6,9,11,22,W
POR,240,128,48,103,46.6,11,34,32.4,21,26,80.8,18,35,53,30,8,3,7,22,W
POR,240,129,47,89,52.8,16,29,55.2,19,23,82.6,7,34,41,28,1,6,4,17,W
POR,240,107,37,92,40.2,10,31,32.3,23,29,79.3,17,32,49,22,6,3,14,23,L
POR,240,113,40,88,45.5,12,34,35.3,21,22,95.5,8,31,39,25,5,1,9,22,L
POR,240,127,52,93,55.9,15,40,37.5,8,9,88.9,7,40,47,31,10,16,9,20,W
POR,240,124,47,83,56.6,11,26,42.3,19,21,90.5,6,37,43,28,6,7,16,21,W
POR,240,111,40,85,47.1,11,31,35.5,20,29,69,12,39,51,25,7,5,15,21,W
POR,240,110,43,94,45.7,9,28,32.1,15,20,75,17,30,47,27,7,2,9,11,W
POR,240,109,41,95,43.2,9,31,29,18,21,85.7,11,39,50,30,6,5,12,17,L
POR,265,113,39,90,43.3,9,32,28.1,26,30,86.7,10,46,56,22,11,10,19,19,W
PHI,240,95,34,96,35.4,8,43,18.6,19,27,70.4,9,27,36,18,15,2,11,21,L
PHI,240,114,43,86,50,13,35,37.1,15,18,83.3,9,38,47,31,7,7,13,21,W
PHI,265,114,38,92,41.3,15,40,37.5,23,29,79.3,9,47,56,25,6,4,19,21,L
PHI,240,126,46,85,54.1,8,24,33.3,26,35,74.3,4,49,53,33,10,7,13,21,W
PHI,240,131,47,88,53.4,15,30,50,22,25,88,9,42,51,31,6,4,10,22,W
PHI,240,96,40,98,40.8,11,37,29.7,5,7,71.4,12,29,41,29,3,5,11,15,L
PHI,240,128,51,91,56,11,27,40.7,15,20,75,12,36,48,32,5,9,11,18,W
PHI,240,101,36,88,40.9,9,36,25,20,27,74.1,17,32,49,17,5,5,16,21,L
PHI,240,124,50,91,54.9,12,28,42.9,12,16,75,10,27,37,31,11,3,17,30,L
PHI,240,116,39,88,44.3,15,37,40.5,23,35,65.7,16,32,48,27,9,5,14,19,W
PHI,240,117,44,90,48.9,9,32,28.1,20,21,95.2,12,28,40,26,11,12,16,28,W
PHI,240,102,40,88,45.5,11,35,31.4,11,14,78.6,11,38,49,26,7,5,21,23,L
PHI,240,103,36,74,48.6,8,22,36.4,23,30,76.7,3,41,44,22,5,2,16,20,W
PHI,240,123,43,98,43.9,12,38,31.6,25,33,75.8,17,41,58,28,11,7,12,17,W
PHI,240,117,47,87,54,12,25,48,11,16,68.8,8,42,50,34,7,5,16,19,W
PHI,240,127,44,91,48.4,12,29,41.4,27,33,81.8,13,29,42,28,9,6,9,22,W
PHI,240,112,40,75,53.3,12,33,36.4,20,26,76.9,4,27,31,27,5,2,10,20,L
PHI,240,121,44,98,44.9,10,29,34.5,23,26,88.5,11,36,47,27,7,7,16,26,W
PHI,240,119,41,84,48.8,6,22,27.3,31,42,73.8,13,40,53,24,8,1,19,27,W
PHI,265,122,39,93,41.9,11,35,31.4,33,38,86.8,9,44,53,23,9,6,19,24,W
PHI,240,113,41,81,50.6,11,23,47.8,20,32,62.5,10,31,41,25,7,5,18,27,W
PHI,240,106,41,86,47.7,14,29,48.3,10,15,66.7,10,31,41,32,2,3,15,21,L
PHI,240,124,39,83,47,15,36,41.7,31,39,79.5,10,32,42,24,5,0,10,24,W
PHI,265,106,44,85,51.8,8,31,25.8,10,16,62.5,8,40,48,27,10,6,23,20,L
PHI,265,133,45,94,47.9,12,37,32.4,31,41,75.6,13,46,59,33,3,15,17,33,W
PHI,240,100,36,79,45.6,10,32,31.3,18,22,81.8,5,38,43,24,7,8,17,18,W
PHI,240,97,31,65,47.7,4,20,20,31,41,75.6,9,37,46,16,6,1,28,21,L
PHI,240,109,28,69,40.6,9,29,31,44,51,86.3,3,42,45,21,11,3,18,31,W
PHI,240,122,44,93,47.3,13,27,48.1,21,28,75,10,33,43,29,7,7,16,30,W
PHI,240,112,38,91,41.8,14,40,35,22,30,73.3,17,30,47,25,7,5,23,24,L
PHI,240,113,41,99,41.4,14,47,29.8,17,18,94.4,16,48,64,33,7,9,19,22,W
PHI,240,105,35,91,38.5,10,28,35.7,25,30,83.3,14,42,56,18,4,8,11,23,W
PHI,240,108,38,92,41.3,11,34,32.4,21,30,70,8,42,50,29,4,5,16,27,L
PHI,265,132,49,98,50,14,43,32.6,20,28,71.4,8,40,48,32,3,8,11,24,L
PHI,240,116,45,94,47.9,17,33,51.5,9,10,90,13,33,46,33,8,3,10,21,W
PHI,240,127,44,93,47.3,12,36,33.3,27,30,90,11,44,55,30,10,8,13,17,W
PHI,240,87,34,87,39.1,5,26,19.2,14,23,60.9,6,41,47,18,8,5,16,20,L
PHI,240,125,52,93,55.9,12,26,46.2,9,15,60,9,38,47,30,4,10,7,11,W
PHI,240,99,40,98,40.8,5,25,20,14,16,87.5,11,35,46,22,11,0,15,19,L
PHI,240,116,46,88,52.3,9,27,33.3,15,26,57.7,10,44,54,25,5,5,10,14,W
PHI,240,122,45,95,47.4,18,36,50,14,18,77.8,4,39,43,36,4,8,13,26,L
PHI,240,122,45,98,45.9,10,31,32.3,22,38,57.9,26,31,57,27,8,4,13,24,L
PHI,240,102,36,93,38.7,6,33,18.2,24,32,75,12,43,55,20,2,9,12,22,L
PHI,240,118,44,94,46.8,15,31,48.4,15,21,71.4,15,40,55,32,5,4,13,20,W
PHI,240,123,45,90,50,12,25,48,21,28,75,9,36,45,27,10,3,10,23,W
PHI,240,98,36,73,49.3,6,23,26.1,20,26,76.9,6,33,39,20,4,2,15,18,L
PHI,240,127,42,91,46.2,10,23,43.5,33,39,84.6,14,38,52,21,7,4,14,15,L
PHI,240,118,34,90,37.8,11,33,33.3,39,43,90.7,17,37,54,23,5,5,9,17,W
PHI,240,118,43,86,50,11,32,34.4,21,28,75,6,38,44,29,5,4,7,27,W
PHI,240,130,47,100,47,15,32,46.9,21,30,70,15,39,54,26,8,2,13,23,W
PHI,240,123,46,91,50.5,7,24,29.2,24,27,88.9,10,39,49,28,7,6,11,18,W
PHI,240,106,42,85,49.4,8,23,34.8,14,17,82.4,12,48,60,25,4,7,22,18,W
PHI,240,106,38,87,43.7,7,23,30.4,23,30,76.7,13,39,52,24,10,3,13,26,W
PHI,240,91,35,95,36.8,3,26,11.5,18,23,78.3,22,37,59,20,9,4,18,17,L
PHI,240,107,40,87,46,8,24,33.3,19,24,79.2,13,33,46,22,10,5,15,20,L
PHI,240,114,42,89,47.2,11,28,39.3,19,21,90.5,10,40,50,28,10,4,11,13,W
PHI,240,117,39,87,44.8,14,31,45.2,25,29,86.2,11,35,46,26,6,3,21,25,L
PHI,240,108,42,91,46.2,12,30,40,12,19,63.2,8,36,44,33,9,5,14,24,W
PHI,240,111,44,101,43.6,10,31,32.3,13,19,68.4,15,43,58,23,9,8,20,19,W
PHI,240,115,42,87,48.3,9,24,37.5,22,28,78.6,7,26,33,28,5,5,11,23,L
PHI,240,106,37,82,45.1,7,26,26.9,25,35,71.4,12,39,51,23,5,4,15,13,W
PHI,240,126,42,78,53.8,8,23,34.8,34,43,79.1,6,41,47,33,8,7,15,24,W
PHI,240,109,39,80,48.8,9,27,33.3,22,31,71,10,37,47,21,4,3,14,20,L
PHI,240,143,56,97,57.7,12,24,50,19,22,86.4,7,35,42,33,10,3,8,17,W
PHI,240,117,39,78,50,10,22,45.5,29,32,90.6,7,35,42,23,7,5,17,12,W
PHI,240,107,31,70,44.3,7,24,29.2,38,41,92.7,5,29,34,20,8,3,18,22,L
PHI,240,108,41,93,44.1,7,33,21.2,19,25,76,14,32,46,19,9,5,14,22,L
PHI,240,113,41,88,46.6,12,37,32.4,19,24,79.2,16,33,49,30,11,5,19,19,W
PHI,240,121,42,93,45.2,15,36,41.7,22,28,78.6,12,32,44,33,15,6,12,15,W
PHI,240,110,38,91,41.8,14,36,38.9,20,27,74.1,11,30,41,29,7,2,12,24,L
PHI,240,122,47,93,50.5,17,36,47.2,11,14,78.6,13,29,42,35,9,5,12,14,W
PHI,240,121,43,88,48.9,8,23,34.8,27,33,81.8,10,45,55,21,9,14,13,22,W
PHI,240,115,38,81,46.9,11,32,34.4,28,39,71.8,12,35,47,28,6,7,19,20,L
PHI,240,120,46,87,52.9,18,34,52.9,10,11,90.9,9,42,51,38,8,6,18,10,W
PHI,240,149,55,92,59.8,21,43,48.8,18,21,85.7,8,46,54,40,6,11,15,29,W
PHI,240,108,40,87,46,6,20,30,22,30,73.3,12,44,56,22,4,9,17,21,W
PHI,240,121,45,87,51.7,11,33,33.3,20,27,74.1,11,19,30,31,13,4,15,23,L
PHI,240,106,37,86,43,8,27,29.6,24,31,77.4,17,29,46,23,12,3,24,20,L
PHI,240,132,49,88,55.7,17,33,51.5,17,25,68,13,36,49,39,10,2,20,20,W
PHI,240,106,39,83,47,6,26,23.1,22,33,66.7,8,41,49,31,7,5,10,20,W
PHI,240,132,40,74,54.1,11,24,45.8,41,54,75.9,8,36,44,27,9,3,18,30,W
PHI,240,119,42,87,48.3,12,26,46.2,23,33,69.7,17,38,55,25,7,7,21,28,W
ORL,240,100,38,92,41.3,10,35,28.6,14,19,73.7,13,35,48,22,6,5,12,21,L
ORL,240,109,40,85,47.1,7,24,29.2,22,24,91.7,9,36,45,21,7,4,13,20,W
ORL,240,116,44,93,47.3,9,26,34.6,19,22,86.4,11,49,60,29,3,8,15,20,W
ORL,265,120,44,96,45.8,14,36,38.9,18,22,81.8,11,31,42,20,11,2,17,18,L
ORL,240,91,29,70,41.4,10,28,35.7,23,32,71.9,12,28,40,15,4,5,19,19,L
ORL,240,80,28,86,32.6,8,33,24.2,16,24,66.7,13,34,47,20,4,5,9,22,L
ORL,240,90,34,89,38.2,12,31,38.7,10,17,58.8,11,22,33,19,5,3,13,18,L
ORL,240,96,34,72,47.2,11,24,45.8,17,20,85,4,44,48,18,7,10,22,27,W
ORL,240,97,34,82,41.5,11,33,33.3,18,23,78.3,9,34,43,23,8,6,16,16,W
ORL,240,76,32,89,36,8,28,28.6,4,5,80,7,35,42,18,8,2,16,18,L
ORL,240,90,36,89,40.4,8,33,24.2,10,13,76.9,9,38,47,20,3,7,16,18,L
ORL,265,118,45,95,47.4,20,49,40.8,8,8,100,6,34,40,30,4,4,10,23,L
ORL,240,105,38,86,44.2,14,28,50,15,20,75,11,32,43,22,5,4,15,13,W
ORL,240,99,39,82,47.6,8,27,29.6,13,18,72.2,8,36,44,23,7,5,12,16,W
ORL,240,112,42,81,51.9,14,30,46.7,14,15,93.3,3,34,37,28,3,8,15,20,L
ORL,240,110,40,90,44.4,14,30,46.7,16,21,76.2,6,28,34,28,11,2,11,21,L
ORL,240,108,42,93,45.2,11,31,35.5,13,14,92.9,9,36,45,31,8,5,14,22,W
ORL,240,87,32,79,40.5,8,32,25,15,19,78.9,4,33,37,24,7,2,15,19,L
ORL,240,91,34,84,40.5,8,30,26.7,15,19,78.9,11,38,49,24,5,4,14,11,L
ORL,240,131,48,84,57.1,13,32,40.6,22,26,84.6,7,28,35,35,5,6,17,26,W
ORL,240,130,50,93,53.8,11,32,34.4,19,23,82.6,11,30,41,28,5,8,13,23,W
ORL,240,111,40,80,50,12,28,42.9,19,22,86.4,5,32,37,23,7,4,11,21,W
ORL,240,109,43,89,48.3,15,30,50,8,11,72.7,8,26,34,28,5,6,13,28,L
ORL,240,115,44,98,44.9,17,42,40.5,10,11,90.9,10,42,52,31,10,9,11,21,W
ORL,240,117,44,86,51.2,13,31,41.9,16,19,84.2,10,31,41,26,8,6,16,18,W
ORL,240,96,40,87,46,9,27,33.3,7,9,77.8,6,34,40,28,10,8,21,19,L
ORL,240,102,39,87,44.8,11,34,32.4,13,15,86.7,10,30,40,22,11,5,15,16,W
ORL,240,117,46,91,50.5,12,32,37.5,13,18,72.2,11,32,43,29,7,4,9,22,W
ORL,240,95,40,90,44.4,4,17,23.5,11,19,57.9,8,32,40,20,7,4,10,24,L
ORL,240,99,36,91,39.6,11,43,25.6,16,22,72.7,11,37,48,28,10,8,17,22,L
ORL,240,91,33,101,32.7,10,43,23.3,15,17,88.2,11,30,41,21,9,6,11,22,L
ORL,240,114,43,86,50,12,30,40,16,20,80,11,29,40,29,5,7,14,21,L
ORL,240,93,38,93,40.9,10,35,28.6,7,10,70,8,41,49,28,6,2,9,15,W
ORL,240,115,41,90,45.6,16,29,55.2,17,22,77.3,14,35,49,31,7,7,16,15,L
ORL,240,88,36,94,38.3,6,31,19.4,10,14,71.4,12,32,44,18,8,7,18,16,L
ORL,240,104,39,94,41.5,7,25,28,19,31,61.3,14,37,51,20,7,7,12,25,W
ORL,240,122,48,88,54.5,11,30,36.7,15,20,75,9,30,39,24,5,2,6,19,W
ORL,240,116,41,90,45.6,12,33,36.4,22,22,100,11,34,45,29,9,7,16,14,W
ORL,240,149,56,92,60.9,18,37,48.6,19,25,76,9,45,54,35,11,4,19,24,W
ORL,240,114,45,99,45.5,11,32,34.4,13,20,65,19,36,55,29,5,7,14,16,W
ORL,240,109,43,93,46.2,12,33,36.4,11,15,73.3,11,35,46,32,7,8,13,21,L
ORL,240,121,47,92,51.1,15,38,39.5,12,14,85.7,9,28,37,37,9,3,7,16,W
ORL,240,98,37,94,39.4,8,31,25.8,16,20,80,15,28,43,21,5,4,12,14,L
ORL,240,104,37,89,41.6,14,42,33.3,16,23,69.6,15,40,55,27,5,5,15,19,W
ORL,240,119,45,87,51.7,11,29,37.9,18,23,78.3,13,31,44,28,9,2,7,18,W
ORL,265,123,44,93,47.3,14,39,35.9,21,27,77.8,4,40,44,30,6,5,9,16,W
ORL,240,119,46,102,45.1,15,38,39.5,12,14,85.7,20,45,65,28,8,10,14,14,W
ORL,240,101,33,85,38.8,9,37,24.3,26,33,78.8,10,45,55,21,12,3,15,15,W
ORL,240,120,45,93,48.4,14,31,45.2,16,21,76.2,12,38,50,31,11,3,9,14,W
ORL,240,90,35,90,38.9,12,33,36.4,8,9,88.9,12,36,48,26,3,3,11,15,L
ORL,240,97,31,87,35.6,12,38,31.6,23,27,85.2,15,38,53,23,6,4,14,23,L
ORL,240,111,42,87,48.3,14,29,48.3,13,18,72.2,11,37,48,26,9,5,16,18,W
ORL,240,106,42,93,45.2,13,32,40.6,9,12,75,10,34,44,21,4,2,12,16,L
ORL,240,93,39,88,44.3,6,26,23.1,9,11,81.8,8,33,41,23,5,4,11,17,L
ORL,240,117,46,91,50.5,10,28,35.7,15,19,78.9,11,30,41,28,7,5,9,20,W
ORL,240,103,40,89,44.9,11,31,35.5,12,15,80,9,44,53,24,2,9,15,14,W
ORL,240,103,39,89,43.8,11,32,34.4,14,20,70,12,35,47,26,6,7,16,21,L
ORL,240,113,42,91,46.2,14,36,38.9,15,20,75,12,40,52,29,6,8,13,16,W
ORL,240,109,41,81,50.6,14,34,41.2,13,24,54.2,8,38,46,25,4,6,14,14,L
ORL,240,127,48,92,52.2,17,39,43.6,14,18,77.8,8,42,50,32,6,6,7,15,W
ORL,240,118,42,95,44.2,13,32,40.6,21,22,95.5,12,46,58,32,9,8,10,14,W
ORL,240,124,43,91,47.3,13,37,35.1,25,28,89.3,11,38,49,29,4,9,8,21,W
ORL,240,103,44,94,46.8,10,27,37,5,6,83.3,9,48,57,28,5,8,12,20,W
ORL,240,122,45,83,54.2,11,26,42.3,21,23,91.3,10,31,41,23,5,7,13,16,W
ORL,240,122,42,90,46.7,11,37,29.7,27,34,79.4,8,32,40,27,14,4,18,29,L
ORL,240,102,41,94,43.6,10,27,37,10,12,83.3,7,42,49,25,11,8,14,17,W
ORL,240,107,38,82,46.3,11,25,44,20,22,90.9,9,39,48,25,4,5,15,19,W
ORL,240,117,44,102,43.1,14,41,34.1,15,18,83.3,18,35,53,26,4,5,12,18,L
ORL,240,98,39,97,40.2,10,35,28.6,10,17,58.8,18,38,56,23,10,4,15,18,L
ORL,240,91,38,84,45.2,7,33,21.2,8,12,66.7,13,39,52,24,3,4,16,10,L
ORL,240,110,38,89,42.7,11,34,32.4,23,28,82.1,11,31,42,22,7,11,13,19,L
ORL,240,122,46,91,50.5,11,29,37.9,19,21,90.5,9,36,45,29,8,8,11,22,W
ORL,240,108,44,93,47.3,14,32,43.8,6,9,66.7,5,27,32,31,5,3,9,15,L
ORL,240,115,47,94,50,10,26,38.5,11,14,78.6,12,37,49,26,5,6,13,18,L
ORL,265,115,47,94,50,14,39,35.9,7,13,53.8,8,29,37,29,6,3,12,21,L
ORL,240,116,41,85,48.2,9,24,37.5,25,28,89.3,12,33,45,25,6,2,11,21,W
ORL,240,105,36,84,42.9,11,38,28.9,22,24,91.7,9,41,50,21,2,5,15,20,W
ORL,240,93,33,83,39.8,13,33,39.4,14,20,70,7,34,41,17,6,4,12,20,L
ORL,240,95,32,87,36.8,13,37,35.1,18,24,75,5,41,46,15,8,1,16,15,L
ORL,240,96,33,89,37.1,9,31,29,21,29,72.4,13,41,54,24,6,7,12,18,L
ORL,240,103,42,88,47.7,9,27,33.3,10,19,52.6,5,30,35,28,7,7,11,20,L
ORL,240,112,44,76,57.9,11,26,42.3,13,18,72.2,4,37,41,31,5,9,13,10,W
OKC,240,122,46,103,44.7,6,24,25,24,35,68.6,11,35,46,22,13,3,10,30,W
OKC,240,103,40,93,43,9,38,23.7,14,21,66.7,7,32,39,17,15,2,11,23,L
OKC,240,118,51,95,53.7,7,20,35,9,13,69.2,11,38,49,22,12,4,17,13,W
OKC,240,109,43,98,43.9,9,30,30,14,21,66.7,18,34,52,23,12,11,15,22,L
OKC,240,112,43,90,47.8,9,25,36,17,22,77.3,9,36,45,17,4,10,14,27,L
OKC,240,107,42,89,47.2,9,25,36,14,22,63.6,8,43,51,19,11,5,17,21,W
OKC,240,132,51,102,50,13,32,40.6,17,27,63,18,48,66,27,8,6,18,24,W
OKC,240,121,43,89,48.3,8,21,38.1,27,33,81.8,17,32,49,24,14,2,20,21,W
OKC,240,110,42,90,46.7,9,22,40.9,17,24,70.8,9,31,40,26,13,7,12,20,W
OKC,240,98,37,90,41.1,7,19,36.8,17,29,58.6,19,24,43,14,9,4,13,17,L
OKC,240,114,42,87,48.3,13,43,30.2,17,27,63,9,30,39,23,10,6,18,27,L
OKC,240,122,43,85,50.6,8,21,38.1,28,39,71.8,12,31,43,25,12,2,18,26,W
OKC,240,112,43,94,45.7,10,28,35.7,16,24,66.7,14,37,51,25,12,6,22,22,L
OKC,240,114,43,99,43.4,13,38,34.2,15,26,57.7,17,43,60,28,8,6,13,23,W
OKC,240,110,43,85,50.6,7,25,28,17,20,85,6,46,52,23,10,8,17,24,W
OKC,240,124,46,88,52.3,18,41,43.9,14,15,93.3,7,39,46,30,12,7,22,24,W
OKC,240,100,41,86,47.7,6,27,22.2,12,15,80,8,42,50,25,5,11,13,18,W
OKC,240,98,37,103,35.9,9,39,23.1,15,23,65.2,19,35,54,22,9,5,10,24,L
OKC,240,109,41,93,44.1,11,33,33.3,16,24,66.7,11,35,46,24,6,2,14,18,W
OKC,240,123,51,106,48.1,13,35,37.1,8,15,53.3,18,43,61,29,10,5,10,23,W
OKC,240,113,45,108,41.7,12,41,29.3,11,16,68.8,13,40,53,22,8,3,13,22,L
OKC,240,110,38,85,44.7,7,24,29.2,27,32,84.4,14,38,52,17,9,7,18,20,W
OKC,240,128,51,95,53.7,16,33,48.5,10,12,83.3,13,34,47,32,11,7,16,21,W
OKC,240,118,43,92,46.7,13,27,48.1,19,20,95,12,30,42,23,12,6,14,15,W
OKC,240,96,38,97,39.2,9,34,26.5,11,18,61.1,26,27,53,17,9,2,16,19,L
OKC,240,98,36,81,44.4,9,37,24.3,17,24,70.8,13,39,52,18,10,4,15,16,W
OKC,240,95,35,84,41.7,7,27,25.9,18,26,69.2,7,37,44,10,13,9,12,23,W
OKC,240,122,45,93,48.4,10,27,37,22,31,71,9,32,41,26,15,3,12,23,W
OKC,240,134,49,86,57,15,32,46.9,21,26,80.8,7,31,38,34,13,5,13,20,W
OKC,240,111,41,96,42.7,8,37,21.6,21,29,72.4,14,35,49,20,12,9,10,21,W
OKC,240,128,48,94,51.1,9,17,52.9,23,32,71.9,9,32,41,19,16,6,17,35,W
OKC,240,117,43,85,50.6,7,24,29.2,24,35,68.6,9,34,43,22,16,3,15,24,W
OKC,240,95,37,94,39.4,7,28,25,14,25,56,16,41,57,19,5,6,16,27,L
OKC,240,120,46,104,44.2,9,39,23.1,19,30,63.3,18,33,51,23,11,9,18,29,L
OKC,240,92,34,95,35.8,7,33,21.2,17,23,73.9,15,37,52,18,5,4,13,29,L
OKC,240,100,33,91,36.3,10,37,27,24,37,64.9,16,29,45,21,12,6,15,21,L
OKC,240,127,48,99,48.5,23,54,42.6,8,13,61.5,9,44,53,40,7,3,13,20,W
OKC,240,112,40,96,41.7,16,41,39,16,20,80,18,38,56,20,5,2,12,19,W
OKC,240,132,48,92,52.2,14,34,41.2,22,26,84.6,14,32,46,27,6,4,14,30,W
OKC,240,123,48,101,47.5,12,29,41.4,15,22,68.2,21,38,59,30,10,4,17,24,W
OKC,240,119,47,102,46.1,13,44,29.5,12,20,60,17,33,50,33,15,7,12,14,W
OKC,240,103,38,98,38.8,11,43,25.6,16,22,72.7,15,34,49,19,6,6,8,21,L
OKC,240,105,43,88,48.9,8,27,29.6,11,16,68.8,11,24,35,19,5,5,13,17,L
OKC,240,107,41,92,44.6,13,36,36.1,12,19,63.2,9,35,44,29,7,7,7,14,W
OKC,240,103,38,95,40,12,36,33.3,15,20,75,12,29,41,17,8,4,10,25,L
OKC,240,116,42,94,44.7,20,43,46.5,12,14,85.7,12,27,39,30,9,6,13,21,W
OKC,265,114,43,103,41.7,13,43,30.2,15,29,51.7,16,32,48,22,6,2,17,22,L
OKC,240,107,38,87,43.7,10,37,27,21,27,77.8,13,36,49,21,4,8,19,17,L
OKC,240,88,31,96,32.3,13,41,31.7,13,23,56.5,17,35,52,18,4,5,16,18,L
OKC,240,106,38,86,44.2,14,30,46.7,16,20,80,8,36,44,24,11,5,18,28,L
OKC,240,108,41,96,42.7,11,28,39.3,15,19,78.9,16,35,51,21,9,6,12,20,W
OKC,240,98,36,79,45.6,7,22,31.8,19,27,70.4,6,42,48,18,8,5,16,21,W
OKC,240,110,41,102,40.2,11,44,25,17,26,65.4,14,38,52,20,3,7,11,34,L
OKC,265,129,48,105,45.7,8,27,29.6,25,32,78.1,16,42,58,14,7,5,16,31,W
OKC,240,120,42,94,44.7,18,46,39.1,18,31,58.1,15,30,45,20,4,8,12,26,L
OKC,240,99,33,93,35.5,9,30,30,24,33,72.7,17,36,53,19,10,5,14,19,W
OKC,240,102,40,88,45.5,7,29,24.1,15,24,62.5,11,34,45,17,7,2,13,19,L
OKC,240,104,38,87,43.7,8,27,29.6,20,28,71.4,8,36,44,28,5,3,12,18,L
OKC,240,112,43,95,45.3,10,38,26.3,16,25,64,14,32,46,31,10,5,17,34,L
OKC,240,116,40,105,38.1,14,46,30.4,22,28,78.6,16,43,59,17,2,6,14,26,L
OKC,290,148,55,118,46.6,18,44,40.9,20,25,80,11,32,43,29,16,5,11,29,W
OKC,240,122,50,106,47.2,10,44,22.7,12,13,92.3,17,31,48,27,8,6,13,21,L
OKC,240,120,41,86,47.7,16,35,45.7,22,29,75.9,7,38,45,23,9,7,12,28,W
OKC,240,117,40,89,44.9,13,34,38.2,24,30,80,12,41,53,20,7,5,19,24,W
OKC,240,117,43,90,47.8,17,44,38.6,14,22,63.6,11,33,44,29,17,2,11,25,W
OKC,240,132,46,92,50,13,30,43.3,27,37,73,8,41,49,25,11,2,17,25,W
OKC,240,129,45,92,48.9,14,35,40,25,34,73.5,11,31,42,25,12,5,11,18,L
OKC,240,118,44,91,48.4,16,30,53.3,14,19,73.7,13,37,50,23,10,4,15,20,W
OKC,240,126,49,91,53.8,9,21,42.9,19,26,73.1,6,37,43,25,7,8,7,16,W
OKC,240,118,44,94,46.8,16,32,50,14,25,56,11,41,52,29,5,10,12,21,W
OKC,240,122,50,101,49.5,14,32,43.8,8,16,50,14,43,57,33,8,2,14,15,W
OKC,240,123,43,85,50.6,11,23,47.8,26,33,78.8,9,28,37,26,16,4,11,20,W
OKC,240,127,45,83,54.2,15,29,51.7,22,27,81.5,10,39,49,26,7,2,19,31,W
OKC,240,117,41,93,44.1,12,31,38.7,23,26,88.5,11,34,45,20,10,6,10,24,W
OKC,265,128,41,104,39.4,22,54,40.7,24,36,66.7,15,29,44,31,10,4,15,22,L
OKC,240,126,43,94,45.7,9,32,28.1,31,41,75.6,15,25,40,22,16,3,12,18,L
OKC,240,122,43,93,46.2,11,23,47.8,25,29,86.2,7,40,47,27,10,5,7,16,W
OKC,290,147,58,114,50.9,15,35,42.9,16,24,66.7,14,35,49,33,8,5,13,24,L
OKC,240,117,43,85,50.6,12,30,40,19,26,73.1,10,33,43,22,4,5,16,30,L
OKC,240,98,38,88,43.2,10,25,40,12,19,63.2,7,34,41,22,8,3,15,17,L
OKC,240,111,40,94,42.6,8,25,32,23,26,88.5,11,38,49,18,9,6,11,21,W
OKC,240,107,40,105,38.1,7,31,22.6,20,31,64.5,17,47,64,22,8,5,11,24,W
MIL,240,129,47,96,49,21,51,41.2,14,16,87.5,5,34,39,30,6,5,11,22,W
MIL,240,112,42,93,45.2,11,32,34.4,17,21,81,11,46,57,20,4,11,15,14,W
MIL,240,109,40,89,44.9,6,32,18.8,23,34,67.6,6,45,51,22,9,8,8,19,W
MIL,240,87,31,84,36.9,9,43,20.9,16,22,72.7,6,42,48,20,6,9,16,19,L
MIL,240,120,41,80,51.3,16,40,40,22,28,78.6,11,44,55,26,3,6,21,30,W
MIL,240,123,43,85,50.6,13,33,39.4,24,30,80,9,39,48,26,11,3,14,18,W
MIL,240,107,44,88,50,9,25,36,10,15,66.7,5,32,37,33,8,10,11,19,W
MIL,240,114,40,94,42.6,12,41,29.3,22,28,78.6,14,39,53,26,9,6,11,17,W
MIL,240,97,38,91,41.8,11,43,25.6,10,15,66.7,9,34,43,22,6,6,13,18,L
MIL,240,108,42,96,43.8,15,36,41.7,9,11,81.8,12,46,58,22,4,4,14,24,W
MIL,240,104,36,87,41.4,15,39,38.5,17,20,85,9,36,45,22,6,7,13,13,W
MIL,240,95,36,92,39.1,7,39,17.9,16,23,69.6,15,39,54,18,10,3,19,21,L
MIL,240,115,38,82,46.3,14,41,34.1,25,30,83.3,4,42,46,25,13,4,16,21,W
MIL,265,134,46,94,48.9,18,42,42.9,24,31,77.4,10,41,51,28,11,4,17,25,L
MIL,240,116,43,87,49.4,12,35,34.3,18,24,75,8,40,48,29,6,8,12,23,W
MIL,240,107,37,90,41.1,16,46,34.8,17,21,81,10,38,48,25,7,5,16,22,L
MIL,240,135,49,86,57,15,40,37.5,22,29,75.9,6,35,41,30,7,3,13,22,W
MIL,240,114,42,87,48.3,10,44,22.7,20,30,66.7,7,36,43,30,6,7,14,17,L
MIL,240,143,57,108,52.8,15,45,33.3,14,17,82.4,13,46,59,34,8,2,14,23,W
MIL,240,104,40,88,45.5,11,36,30.6,13,22,59.1,13,38,51,21,8,3,18,16,W
MIL,240,123,47,93,50.5,18,43,41.9,11,17,64.7,11,44,55,28,8,8,17,14,W
MIL,240,113,41,81,50.6,9,35,25.7,22,27,81.5,9,35,44,22,5,8,16,22,L
MIL,240,121,48,84,57.1,17,34,50,8,13,61.5,5,36,41,27,10,7,13,17,W
MIL,265,126,47,105,44.8,16,46,34.8,16,23,69.6,15,37,52,31,11,8,17,26,L
MIL,240,134,52,101,51.5,9,35,25.7,21,27,77.8,13,33,46,33,11,7,12,23,W
MIL,240,103,40,92,43.5,16,42,38.1,7,8,87.5,12,30,42,26,2,1,12,16,L
MIL,240,144,46,95,48.4,22,56,39.3,30,33,90.9,10,46,56,30,6,7,13,20,W
MIL,240,113,41,85,48.2,9,29,31,22,30,73.3,8,37,45,20,8,3,14,20,L
MIL,240,124,45,92,48.9,19,45,42.2,15,19,78.9,8,49,57,28,5,4,17,21,W
MIL,240,113,41,82,50,10,30,33.3,21,23,91.3,6,51,57,24,6,7,21,19,W
MIL,240,125,49,92,53.3,19,46,41.3,8,11,72.7,7,55,62,32,4,8,18,23,W
MIL,240,123,41,100,41,13,43,30.2,28,30,93.3,9,42,51,24,7,10,11,27,W
MIL,240,124,45,96,46.9,17,40,42.5,17,24,70.8,19,36,55,27,5,9,15,18,W
MIL,240,118,44,93,47.3,17,46,37,13,21,61.9,11,39,50,27,9,8,17,26,W
MIL,240,113,42,85,49.4,14,34,41.2,15,20,75,11,46,57,26,5,4,21,25,W
MIL,240,116,43,100,43,15,46,32.6,15,21,71.4,11,42,53,27,7,1,15,14,L
MIL,240,115,40,91,44,9,41,22,26,34,76.5,11,50,61,19,8,10,14,23,W
MIL,240,128,49,88,55.7,16,34,47.1,14,21,66.7,6,37,43,28,7,4,14,18,L
MIL,240,128,42,93,45.2,12,34,35.3,32,43,74.4,8,42,50,26,5,6,11,18,W
MIL,240,131,47,94,50,11,34,32.4,26,30,86.7,6,34,40,28,15,7,15,26,W
MIL,265,135,48,116,41.4,17,55,30.9,22,23,95.7,22,49,71,30,6,3,16,20,L
MIL,240,128,45,86,52.3,16,37,43.2,22,27,81.5,3,44,47,25,5,5,10,21,W
MIL,240,108,42,94,44.7,14,34,41.2,10,13,76.9,10,50,60,24,10,6,16,11,W
MIL,240,127,48,87,55.2,15,41,36.6,16,21,76.2,4,41,45,26,8,7,9,13,W
MIL,240,116,43,85,50.6,17,34,50,13,20,65,9,43,52,33,5,5,16,23,W
MIL,240,102,36,91,39.6,13,32,40.6,17,21,81,11,40,51,24,9,7,10,16,L
MIL,240,115,41,89,46.1,15,47,31.9,18,27,66.7,12,42,54,25,9,4,18,19,W
MIL,240,125,43,95,45.3,16,50,32,23,28,82.1,10,35,45,25,9,6,10,22,L
MIL,240,113,42,88,47.7,12,33,36.4,17,24,70.8,8,44,52,29,8,9,15,21,W
MIL,240,130,48,97,49.5,10,36,27.8,24,28,85.7,5,47,52,27,5,4,13,20,W
MIL,240,114,41,87,47.1,14,36,38.9,18,25,72,6,39,45,22,3,2,10,17,L
MIL,240,131,44,90,48.9,17,44,38.6,26,30,86.7,14,41,55,27,9,2,13,17,W
MIL,240,117,43,86,50,14,35,40,17,21,81,8,44,52,21,7,10,13,19,W
MIL,240,105,35,95,36.8,12,42,28.6,23,31,74.2,18,39,57,17,8,2,15,25,L
MIL,240,111,37,96,38.5,15,39,38.5,22,30,73.3,17,36,53,20,6,10,15,22,L
MIL,240,131,48,93,51.6,14,40,35,21,24,87.5,11,40,51,30,4,6,11,15,W
MIL,265,141,54,112,48.2,17,45,37.8,16,21,76.2,11,46,57,36,3,14,11,18,W
MIL,240,117,42,91,46.2,17,49,34.7,16,23,69.6,8,37,45,26,3,6,8,22,W
MIL,240,140,50,95,52.6,19,43,44.2,21,22,95.5,10,39,49,28,6,8,11,17,W
MIL,240,98,37,88,42,14,39,35.9,10,14,71.4,9,46,55,21,5,4,16,11,W
MIL,240,106,38,86,44.2,9,31,29,21,29,72.4,10,42,52,22,7,3,10,14,W
MIL,240,112,38,80,47.5,12,38,31.6,24,29,82.8,5,44,49,24,6,7,17,18,W
MIL,240,83,31,95,32.6,6,35,17.1,15,18,83.3,12,39,51,18,5,8,10,16,L
MIL,240,122,51,93,54.8,10,36,27.8,10,12,83.3,10,41,51,25,4,5,13,21,W
MIL,240,148,56,93,60.2,19,30,63.3,17,26,65.4,8,26,34,33,15,3,15,20,W
MIL,240,113,43,101,42.6,10,39,25.6,17,25,68,15,44,59,29,9,7,11,20,W
MIL,240,131,45,91,49.5,17,39,43.6,24,24,100,6,40,46,30,10,4,12,19,W
MIL,240,105,39,79,49.4,14,38,36.8,13,17,76.5,7,43,50,21,13,6,20,16,W
MIL,240,115,47,87,54,13,32,40.6,8,10,80,6,33,39,32,9,6,11,15,W
MIL,240,112,39,91,42.9,15,37,40.5,19,28,67.9,9,40,49,22,6,5,14,22,L
MIL,240,108,41,89,46.1,6,31,19.4,20,23,87,6,40,46,17,9,6,12,18,W
MIL,240,116,42,91,46.2,12,32,37.5,20,22,90.9,8,43,51,21,9,7,15,19,W
MIL,240,118,47,85,55.3,12,30,40,12,15,80,4,42,46,22,7,7,13,14,W
MIL,240,111,40,84,47.6,12,34,35.3,19,22,86.4,5,45,50,27,9,8,16,25,W
MIL,240,124,48,96,50,17,39,43.6,11,18,61.1,7,46,53,35,8,6,7,12,W
MIL,240,133,49,92,53.3,11,30,36.7,24,33,72.7,8,31,39,28,13,4,14,25,W
MIL,240,106,40,89,44.9,13,40,32.5,13,17,76.5,10,33,43,26,8,6,15,17,L
MIL,240,116,44,91,48.4,8,27,29.6,20,24,83.3,10,39,49,26,11,5,13,25,W
MIL,240,114,46,98,46.9,9,25,36,13,16,81.3,10,36,46,27,10,6,11,19,W
MIL,240,116,40,81,49.4,14,37,37.8,22,27,81.5,4,34,38,29,9,2,16,20,L
MIL,240,144,55,100,55,14,40,35,20,28,71.4,12,42,54,36,11,8,14,26,W
MIL,240,121,47,79,59.5,10,27,37,17,26,65.4,5,38,43,28,7,6,13,19,W
LAC,240,111,36,82,43.9,9,20,45,30,38,78.9,7,33,40,22,9,2,18,25,L
LAC,240,118,40,91,44,6,19,31.6,32,34,94.1,7,46,53,21,10,4,14,29,W
LAC,240,127,48,96,50,12,28,42.9,19,23,82.6,14,36,50,23,7,6,15,20,W
LAC,240,127,43,80,53.8,18,23,78.3,23,29,79.3,5,37,42,23,1,1,17,25,L
LAC,240,132,53,92,57.6,10,20,50,16,17,94.1,13,43,56,28,7,5,18,23,W
LAC,240,125,47,83,56.6,6,20,30,25,31,80.6,11,29,40,26,5,5,12,25,W
LAC,240,127,42,83,50.6,10,27,37,33,39,84.6,8,29,37,27,5,1,12,23,L
LAC,240,104,38,75,50.7,13,25,52,15,22,68.2,6,38,44,18,7,4,26,22,L
LAC,240,87,30,84,35.7,10,31,32.3,17,24,70.8,13,29,42,21,4,1,17,18,L
LAC,240,99,38,86,44.2,7,25,28,16,19,84.2,12,32,44,25,2,5,16,16,L
LAC,265,123,45,85,52.9,7,21,33.3,26,33,78.8,10,32,42,27,8,4,18,21,W
LAC,240,98,33,89,37.1,7,29,24.1,25,31,80.6,13,36,49,16,5,8,16,26,L
LAC,240,86,25,74,33.8,8,23,34.8,28,35,80,11,36,47,16,9,4,19,21,L
LAC,240,129,49,83,59,8,20,40,23,30,76.7,7,32,39,29,4,1,12,21,W
LAC,240,110,42,95,44.2,9,24,37.5,17,22,77.3,8,36,44,23,9,5,11,22,L
LAC,240,133,50,90,55.6,12,28,42.9,21,28,75,8,30,38,25,7,5,10,21,W
LAC,240,115,40,86,46.5,11,21,52.4,24,32,75,18,38,56,21,6,7,21,17,W
LAC,240,104,38,90,42.2,5,25,20,23,34,67.6,11,37,48,15,9,5,4,13,W
LAC,265,112,40,94,42.6,8,23,34.8,24,27,88.9,8,40,48,26,6,5,11,23,W
LAC,240,118,46,89,51.7,11,27,40.7,15,18,83.3,7,37,44,20,6,4,19,28,L
LAC,240,127,40,93,43,10,33,30.3,37,47,78.7,15,37,52,24,9,8,15,22,W
LAC,240,127,48,95,50.5,11,23,47.8,20,24,83.3,9,29,38,23,4,1,8,25,W
LAC,240,116,40,85,47.1,8,23,34.8,28,35,80,9,41,50,23,2,3,12,25,W
LAC,265,121,43,91,47.3,5,20,25,30,34,88.2,6,43,49,23,11,5,17,23,W
LAC,265,128,46,99,46.5,14,34,41.2,22,27,81.5,10,44,54,26,6,6,18,19,W
LAC,240,105,41,89,46.1,8,23,34.8,15,20,75,7,34,41,19,2,10,7,22,L
LAC,240,120,43,88,48.9,14,31,45.2,20,22,90.9,13,30,43,30,5,4,12,27,W
LAC,240,120,41,86,47.7,13,26,50,25,33,75.8,10,40,50,22,5,3,14,23,W
LAC,240,113,38,86,44.2,9,23,39.1,28,33,84.8,8,34,42,19,6,7,18,28,L
LAC,240,110,35,74,47.3,7,20,35,33,43,76.7,6,32,38,18,6,7,25,26,L
LAC,240,136,56,103,54.4,16,29,55.2,8,13,61.5,14,43,57,35,7,9,15,25,W
LAC,240,133,43,79,54.4,12,23,52.2,35,38,92.1,5,39,44,17,8,4,16,21,W
LAC,240,109,41,87,47.1,5,20,25,22,27,81.5,9,38,47,18,5,4,17,26,L
LAC,240,115,42,89,47.2,5,25,20,26,26,100,12,37,49,22,8,7,13,16,W
LAC,240,108,35,81,43.2,11,26,42.3,27,36,75,10,38,48,21,3,3,15,24,W
LAC,240,98,35,88,39.8,8,28,28.6,20,24,83.3,9,38,47,21,3,9,14,32,L
LAC,265,143,54,106,50.9,12,28,42.9,23,30,76.7,12,40,52,34,7,5,12,27,W
LAC,240,104,38,79,48.1,10,19,52.6,18,29,62.1,6,33,39,26,7,4,20,22,L
LAC,240,117,40,91,44,10,29,34.5,27,31,87.1,7,38,45,29,7,8,13,22,L
LAC,240,103,38,82,46.3,8,26,30.8,19,31,61.3,9,29,38,27,11,2,19,22,L
LAC,240,113,36,75,48,7,27,25.9,34,38,89.5,5,42,47,23,9,5,19,23,W
LAC,240,132,53,85,62.4,15,33,45.5,11,16,68.8,9,35,44,33,5,5,16,25,W
LAC,240,118,42,92,45.7,17,33,51.5,17,22,77.3,8,38,46,26,7,3,11,21,L
LAC,240,122,46,85,54.1,16,32,50,14,14,100,3,48,51,30,8,4,18,26,W
LAC,240,124,38,86,44.2,15,35,42.9,33,37,89.2,12,30,42,24,7,4,9,19,W
LAC,240,110,42,82,51.2,6,26,23.1,20,23,87,7,36,43,24,6,6,12,16,W
LAC,240,115,43,89,48.3,10,34,29.4,19,27,70.4,10,29,39,28,14,2,13,20,W
LAC,240,119,42,97,43.3,12,31,38.7,23,28,82.1,16,38,54,26,8,6,14,25,W
LAC,240,128,44,99,44.4,10,20,50,30,35,85.7,15,28,43,28,9,5,8,30,W
LAC,240,104,38,95,40,9,15,60,19,27,70.4,25,26,51,21,7,3,12,21,L
LAC,240,140,53,86,61.6,13,28,46.4,21,25,84,10,37,47,29,4,1,20,26,W
LAC,240,118,39,86,45.3,9,25,36,31,46,67.4,10,43,53,20,7,4,10,26,W
LAC,240,113,41,83,49.4,11,29,37.9,20,24,83.3,8,42,50,25,7,3,16,22,W
LAC,240,128,48,98,49,19,35,54.3,13,17,76.5,9,44,53,33,5,4,17,28,W
LAC,240,116,40,92,43.5,12,31,38.7,24,33,72.7,16,42,58,19,4,6,12,23,W
LAC,240,105,37,94,39.4,5,26,19.2,26,30,86.7,11,36,47,16,11,6,11,26,L
LAC,240,121,45,100,45,17,45,37.8,14,18,77.8,9,31,40,33,11,4,6,22,W
LAC,240,96,30,87,34.5,3,21,14.3,33,37,89.2,7,31,38,20,9,7,17,27,L
LAC,240,112,35,75,46.7,6,25,24,36,42,85.7,7,42,49,21,8,4,24,30,W
LAC,240,134,50,84,59.5,11,22,50,23,30,76.7,7,36,43,33,12,9,11,25,W
LAC,240,120,37,72,51.4,12,29,41.4,34,39,87.2,8,29,37,24,8,2,21,28,L
LAC,240,123,40,84,47.6,12,30,40,31,40,77.5,6,43,49,28,6,6,17,27,W
LAC,240,92,37,85,43.5,6,17,35.3,12,19,63.2,9,27,36,23,14,6,21,19,L
LAC,240,117,42,87,48.3,18,24,75,15,17,88.2,8,40,48,25,1,6,11,24,W
LAC,240,103,38,89,42.7,2,12,16.7,25,29,86.2,7,29,36,15,7,7,13,24,L
LAC,240,111,40,82,48.8,10,20,50,21,34,61.8,11,36,47,22,5,4,13,24,W
LAC,265,120,46,104,44.2,14,43,32.6,14,26,53.8,12,39,51,26,11,8,10,27,L
LAC,240,118,41,85,48.2,10,27,37,26,28,92.9,13,25,38,27,10,4,16,26,L
LAC,240,122,42,88,47.7,11,29,37.9,27,29,93.1,14,38,52,35,6,1,19,28,W
LAC,240,106,38,82,46.3,8,21,38.1,22,29,75.9,5,45,50,27,3,4,16,14,W
LAC,240,111,45,85,52.9,7,22,31.8,14,21,66.7,7,34,41,23,5,3,7,20,W
LAC,240,98,33,91,36.3,10,36,27.8,22,29,75.9,14,27,41,19,4,4,8,26,L
LAC,240,103,39,85,45.9,11,21,52.4,14,24,58.3,4,37,41,23,11,2,12,18,W
LAC,240,94,31,85,36.5,4,25,16,28,35,80,12,40,52,11,6,4,18,30,L
LAC,240,109,45,98,45.9,10,22,45.5,9,14,64.3,11,30,41,24,8,1,12,24,L
LAC,240,117,41,86,47.7,18,36,50,17,24,70.8,8,42,50,34,4,7,17,21,L
LAC,240,104,36,74,48.6,9,18,50,23,29,79.3,6,32,38,25,7,5,17,19,L
LAC,240,100,38,87,43.7,6,24,25,18,26,69.2,8,30,38,21,4,6,12,16,L
LAC,240,128,48,93,51.6,14,30,46.7,18,21,85.7,7,38,45,28,6,11,10,24,W
LAC,240,106,40,93,43,8,22,36.4,18,23,78.3,11,42,53,20,5,5,8,21,W
LAC,240,121,43,84,51.2,10,24,41.7,25,32,78.1,16,27,43,31,12,7,20,27,W
LAC,240,113,42,91,46.2,5,25,20,24,34,70.6,12,29,41,18,12,0,13,29,L
IND,240,116,42,84,50,11,24,45.8,21,29,72.4,8,31,39,29,13,6,11,18,W
IND,240,125,53,87,60.9,5,19,26.3,14,20,70,7,36,43,33,11,5,13,17,W
IND,240,129,46,83,55.4,13,27,48.1,24,33,72.7,10,29,39,35,13,3,17,17,W
IND,240,105,43,97,44.3,9,30,30,10,12,83.3,16,41,57,24,12,6,17,25,W
IND,240,114,44,82,53.7,11,26,42.3,15,18,83.3,6,23,29,24,10,8,12,26,W
IND,240,96,38,80,47.5,9,20,45,11,16,68.8,9,40,49,19,6,7,23,21,L
IND,240,91,37,93,39.8,4,22,18.2,13,21,61.9,14,38,52,21,7,9,9,12,L
IND,240,110,40,87,46,12,34,35.3,18,23,78.3,11,34,45,28,9,4,13,18,W
IND,240,113,42,95,44.2,8,20,40,21,24,87.5,11,36,47,33,7,2,7,22,W
IND,240,113,43,91,47.3,12,30,40,15,20,75,14,40,54,31,7,4,16,13,W
IND,240,109,41,76,53.9,10,20,50,17,22,77.3,7,43,50,29,7,7,24,25,W
IND,240,107,40,92,43.5,8,30,26.7,19,22,86.4,15,37,52,26,7,8,17,17,W
IND,240,112,44,93,47.3,9,26,34.6,15,18,83.3,11,42,53,26,8,8,10,17,W
IND,240,96,35,76,46.1,6,22,27.3,20,24,83.3,6,39,45,22,10,6,18,13,W
IND,240,110,43,82,52.4,10,24,41.7,14,18,77.8,6,36,42,32,11,5,25,26,L
IND,240,96,32,86,37.2,10,23,43.5,22,27,81.5,10,34,44,23,14,4,17,22,L
IND,240,109,38,90,42.2,11,26,42.3,22,29,75.9,17,38,55,25,8,6,12,13,W
IND,240,121,49,84,58.3,9,18,50,14,17,82.4,4,35,39,33,13,4,16,17,W
IND,240,100,46,99,46.5,3,24,12.5,5,9,55.6,11,34,45,31,9,2,12,22,L
IND,240,109,41,84,48.8,11,33,33.3,16,17,94.1,10,27,37,26,5,7,14,19,L
IND,240,121,49,93,52.7,12,25,48,11,17,64.7,11,33,44,35,13,3,9,17,W
IND,240,97,35,87,40.2,12,30,40,15,21,71.4,10,43,53,25,11,6,24,26,W
IND,240,99,36,81,44.4,14,27,51.9,13,15,86.7,4,43,47,22,10,6,19,14,W
IND,240,103,36,78,46.2,11,29,37.9,20,26,76.9,5,30,35,24,10,6,13,22,L
IND,240,110,43,79,54.4,7,20,35,17,29,58.6,6,33,39,20,10,5,18,26,W
IND,240,94,37,94,39.4,8,31,25.8,12,17,70.6,8,33,41,19,9,6,12,21,L
IND,240,94,33,75,44,8,28,28.6,20,30,66.7,7,32,39,17,8,3,16,15,L
IND,240,102,36,86,41.9,11,32,34.4,19,25,76,8,37,45,23,10,2,13,16,W
IND,240,107,40,85,47.1,7,26,26.9,20,22,90.9,9,33,42,21,8,9,11,13,W
IND,240,107,45,83,54.2,6,20,30,11,17,64.7,10,31,41,24,10,10,15,19,W
IND,240,93,37,90,41.1,6,19,31.6,13,20,65,7,28,35,19,8,5,9,20,L
IND,240,119,48,74,64.9,5,13,38.5,18,26,69.2,4,20,24,28,13,3,15,15,W
IND,240,116,46,87,52.9,17,32,53.1,7,8,87.5,5,35,40,34,9,5,10,22,W
IND,240,91,36,92,39.1,8,26,30.8,11,16,68.8,12,33,45,18,6,6,15,24,L
IND,240,132,51,92,55.4,16,24,66.7,14,22,63.6,10,30,40,21,12,5,11,18,W
IND,240,101,38,87,43.7,6,18,33.3,19,27,70.4,9,32,41,14,7,3,17,25,L
IND,240,111,47,83,56.6,10,26,38.5,7,13,53.8,13,44,57,29,2,7,20,24,W
IND,240,135,45,98,45.9,12,30,40,33,39,84.6,13,30,43,22,12,7,8,28,W
IND,240,96,41,85,48.2,10,27,37,4,7,57.1,5,28,33,27,6,3,13,18,L
IND,240,97,38,92,41.3,10,23,43.5,11,19,57.9,10,35,45,24,5,3,11,15,L
IND,240,108,43,92,46.7,6,21,28.6,16,22,72.7,10,34,44,31,9,4,11,18,W
IND,240,111,42,77,54.5,10,22,45.5,17,22,77.3,7,35,42,27,9,8,17,20,W
IND,240,116,48,90,53.3,9,24,37.5,11,17,64.7,11,33,44,26,4,3,15,18,L
IND,240,112,42,90,46.7,12,27,44.4,16,23,69.6,14,27,41,27,9,2,12,16,L
IND,240,99,40,92,43.5,13,31,41.9,6,11,54.5,8,37,45,26,4,6,12,17,L
IND,240,124,51,91,56,8,18,44.4,14,17,82.4,10,39,49,34,9,5,11,17,W
IND,240,89,35,91,38.5,6,23,26.1,13,17,76.5,12,35,47,17,7,3,16,18,L
IND,240,109,45,87,51.7,7,21,33.3,12,17,70.6,11,35,46,30,8,6,20,20,L
IND,240,98,35,83,42.2,10,24,41.7,18,22,81.8,12,27,39,25,12,3,14,21,L
IND,240,100,34,75,45.3,6,24,25,26,37,70.3,8,33,41,20,6,2,11,19,L
IND,240,108,37,82,45.1,7,22,31.8,27,32,84.4,6,33,39,24,11,3,16,17,W
IND,240,103,37,85,43.5,8,28,28.6,21,29,72.4,8,34,42,26,11,3,10,22,W
IND,240,89,31,83,37.3,5,16,31.3,22,37,59.5,12,32,44,18,8,4,14,27,L
IND,240,98,35,90,38.9,14,37,37.8,14,20,70,6,34,40,26,10,7,11,16,L
IND,240,105,38,84,45.2,11,25,44,18,24,75,11,39,50,19,6,9,12,22,W
IND,240,112,42,77,54.5,7,27,25.9,21,24,87.5,3,33,36,31,5,6,11,17,L
IND,240,122,40,84,47.6,16,27,59.3,26,31,83.9,8,27,35,35,8,11,11,21,W
IND,240,101,37,77,48.1,10,28,35.7,17,21,81,6,32,38,19,10,3,15,23,L
IND,240,109,40,87,46,10,26,38.5,19,21,90.5,12,30,42,23,8,8,11,23,L
IND,240,119,47,83,56.6,11,25,44,14,22,63.6,12,29,41,29,13,0,23,21,W
IND,240,126,44,93,47.3,14,32,43.8,24,35,68.6,13,35,48,28,10,5,11,24,W
IND,240,97,37,88,42,10,27,37,13,15,86.7,4,39,43,22,6,4,11,23,L
IND,240,99,38,74,51.4,8,25,32,15,17,88.2,5,34,39,25,3,3,12,22,W
IND,240,105,45,84,53.6,9,26,34.6,6,10,60,6,37,43,31,8,5,10,13,W
IND,240,116,49,87,56.3,9,22,40.9,9,11,81.8,7,35,42,26,15,12,19,20,W
IND,240,136,56,98,57.1,19,34,55.9,5,8,62.5,10,30,40,37,11,7,10,20,W
IND,240,109,41,91,45.1,10,28,35.7,17,24,70.8,8,35,43,25,5,3,9,17,W
IND,240,95,38,89,42.7,7,24,29.2,12,17,70.6,14,29,43,26,15,4,14,20,W
IND,240,100,41,91,45.1,4,19,21.1,14,16,87.5,6,36,42,26,8,2,10,18,L
IND,240,89,33,84,39.3,9,31,29,14,18,77.8,10,29,39,27,6,3,17,21,L
IND,240,100,40,94,42.6,12,30,40,8,10,80,10,28,38,29,4,5,15,18,L
IND,240,103,32,74,43.2,9,27,33.3,30,36,83.3,7,33,40,20,7,5,18,26,L
IND,240,110,40,92,43.5,9,26,34.6,21,25,84,12,36,48,27,6,7,7,23,W
IND,240,120,47,100,47,14,27,51.9,12,12,100,12,39,51,34,10,7,9,18,W
IND,240,111,42,85,49.4,8,24,33.3,19,24,79.2,11,34,45,23,6,4,11,22,W
IND,240,96,39,97,40.2,9,29,31,9,12,75,12,28,40,23,9,3,12,14,L
IND,240,131,46,89,51.7,12,25,48,27,36,75,9,43,52,31,11,7,14,17,W
IND,240,121,49,94,52.1,12,26,46.2,11,11,100,11,36,47,30,8,1,14,15,W
IND,240,108,39,91,42.9,9,28,32.1,21,33,63.6,12,27,39,26,6,0,11,18,L
IND,240,123,49,91,53.8,10,26,38.5,15,19,78.9,6,26,32,34,11,0,6,18,W
IND,240,105,43,94,45.7,4,17,23.5,15,20,75,12,32,44,24,8,4,14,19,L
IND,265,119,49,93,52.7,9,28,32.1,12,17,70.6,9,31,40,25,7,3,13,17,W
HOU,240,113,31,70,44.3,18,41,43.9,33,45,73.3,7,39,46,19,5,4,14,25,W
HOU,240,108,35,81,43.2,16,46,34.8,22,28,78.6,8,31,39,21,9,7,12,20,W
HOU,240,127,41,86,47.7,18,45,40,27,35,77.1,16,39,55,17,4,4,13,22,W
HOU,240,113,44,97,45.4,14,44,31.8,11,17,64.7,17,37,54,18,9,4,20,25,W
HOU,240,108,37,95,38.9,19,54,35.2,15,21,71.4,19,39,58,22,4,3,9,18,W
HOU,240,99,29,82,35.4,18,54,33.3,23,30,76.7,8,33,41,20,6,3,8,23,L
HOU,240,136,47,85,55.3,26,55,47.3,16,21,76.2,8,33,41,30,8,2,17,21,W
HOU,240,102,32,86,37.2,12,37,32.4,26,31,83.9,9,30,39,16,13,7,17,24,W
HOU,240,105,35,73,47.9,13,37,35.1,22,25,88,6,30,36,23,5,2,14,22,W
HOU,240,126,42,85,49.4,15,34,44.1,27,32,84.4,15,28,43,24,8,2,14,24,W
HOU,240,111,42,85,49.4,9,29,31,18,27,66.7,12,30,42,22,9,5,7,21,W
HOU,240,104,39,86,45.3,15,47,31.9,11,13,84.6,10,26,36,20,5,3,12,19,L
HOU,240,91,34,88,38.6,8,36,22.2,15,17,88.2,14,29,43,13,5,5,23,26,L
HOU,240,91,32,74,43.2,11,39,28.2,16,19,84.2,7,27,34,24,9,6,20,27,L
HOU,240,121,42,84,50,16,41,39,21,30,70,6,41,47,23,8,7,14,21,W
HOU,240,136,49,98,50,22,54,40.7,16,20,80,13,36,49,32,9,6,6,22,W
HOU,240,108,40,87,46,13,45,28.9,15,23,65.2,15,23,38,28,10,5,18,26,L
HOU,265,131,46,97,47.4,18,48,37.5,21,27,77.8,18,30,48,22,8,5,21,31,L
HOU,240,108,37,74,50,15,39,38.5,19,28,67.9,8,23,31,18,5,4,16,19,L
HOU,265,111,41,98,41.8,10,36,27.8,19,21,90.5,17,27,44,22,6,7,14,26,L
HOU,240,126,40,72,55.6,13,33,39.4,33,36,91.7,5,31,36,18,8,7,15,25,W
HOU,240,132,46,81,56.8,20,47,42.6,20,24,83.3,6,35,41,27,9,10,22,20,W
HOU,240,107,35,87,40.2,16,47,34,21,26,80.8,14,27,41,20,8,4,8,21,W
HOU,240,109,39,71,54.9,13,37,35.1,18,26,69.2,6,26,32,23,7,6,15,20,W
HOU,240,115,36,74,48.6,20,47,42.6,23,32,71.9,8,30,38,18,6,5,17,22,W
HOU,240,89,30,90,33.3,9,41,22,20,29,69,15,34,49,11,10,5,8,24,L
HOU,240,80,31,82,37.8,11,42,26.2,7,10,70,12,27,39,16,9,3,17,26,L
HOU,240,98,34,76,44.7,15,47,31.9,15,16,93.8,5,34,39,23,9,6,17,24,W
HOU,240,96,35,83,42.2,13,42,31,13,20,65,10,35,45,21,13,5,19,22,W
HOU,240,119,41,83,49.4,15,39,38.5,22,32,68.8,11,30,41,22,4,10,9,21,W
HOU,240,85,31,96,32.3,10,43,23.3,13,23,56.5,20,29,49,18,7,9,12,25,L
HOU,240,113,38,98,38.8,15,41,36.6,22,25,88,16,26,42,21,11,7,13,27,L
HOU,240,89,35,87,40.2,11,40,27.5,8,14,57.1,10,25,35,16,12,5,17,23,L
HOU,240,112,43,89,48.3,15,35,42.9,11,15,73.3,6,29,35,28,6,6,12,23,L
HOU,240,124,44,96,45.8,16,42,38.1,20,30,66.7,13,41,54,22,7,4,18,21,W
HOU,240,112,39,92,42.4,16,48,33.3,18,24,75,8,29,37,21,8,7,12,22,L
HOU,240,111,38,88,43.2,18,53,34,17,20,85,9,33,42,18,7,7,11,21,L
HOU,240,149,53,100,53,27,57,47.4,16,21,76.2,12,40,52,34,12,5,9,16,W
HOU,240,120,43,101,42.6,22,59,37.3,12,17,70.6,7,41,48,26,8,2,6,21,W
HOU,240,135,47,88,53.4,18,38,47.4,23,29,79.3,12,36,48,22,6,7,16,29,W
HOU,240,130,46,94,48.9,26,61,42.6,12,17,70.6,8,35,43,30,8,3,7,20,W
HOU,240,119,39,83,47,17,52,32.7,24,27,88.9,6,32,38,19,6,2,10,17,W
HOU,240,112,40,87,46,15,40,37.5,17,20,85,11,35,46,22,8,3,10,19,W
HOU,240,94,36,99,36.4,16,52,30.8,6,7,85.7,8,38,46,17,7,5,13,15,L
HOU,240,113,42,86,48.8,21,49,42.9,8,9,88.9,13,37,50,24,10,5,19,16,W
HOU,240,111,36,86,41.9,14,37,37.8,25,32,78.1,8,40,48,12,5,4,10,19,W
HOU,265,125,42,94,44.7,21,48,43.8,20,20,100,11,28,39,19,10,4,14,27,L
HOU,240,121,40,78,51.3,19,47,40.4,22,30,73.3,6,31,37,28,13,2,14,17,W
HOU,240,117,43,94,45.7,21,50,42,10,14,71.4,10,34,44,29,9,3,10,25,W
HOU,240,108,36,83,43.4,11,40,27.5,25,33,75.8,7,35,42,18,13,6,14,20,W
HOU,240,104,37,78,47.4,11,41,26.8,19,23,82.6,5,26,31,18,7,3,11,16,L
HOU,240,118,38,91,41.8,17,43,39.5,25,27,92.6,12,43,55,25,7,4,14,17,W
HOU,240,94,32,88,36.4,16,52,30.8,14,22,63.6,13,28,41,18,6,4,13,20,W
HOU,240,107,42,85,49.4,13,41,31.7,10,15,66.7,7,36,43,22,13,0,17,18,W
HOU,240,107,38,85,44.7,15,34,44.1,16,18,88.9,9,34,43,22,11,6,10,23,W
HOU,240,115,38,80,47.5,21,51,41.2,18,29,62.1,10,32,42,22,8,4,12,23,W
HOU,240,121,38,77,49.4,19,46,41.3,26,28,92.9,8,28,36,22,6,5,16,21,W
HOU,240,118,42,91,46.2,13,39,33.3,21,24,87.5,7,30,37,23,11,3,10,22,W
HOU,240,119,39,90,43.3,15,51,29.4,26,30,86.7,12,25,37,24,11,4,14,18,W
HOU,240,118,40,92,43.5,16,43,37.2,22,24,91.7,12,37,49,26,13,7,15,23,W
HOU,240,106,40,88,45.5,12,41,29.3,14,15,93.3,4,35,39,18,8,5,15,28,L
HOU,240,111,40,98,40.8,19,53,35.8,12,13,92.3,13,24,37,23,5,2,11,18,L
HOU,240,120,42,90,46.7,23,60,38.3,13,15,86.7,9,29,38,28,13,5,11,26,W
HOU,240,112,37,86,43,16,45,35.6,22,30,73.3,7,32,39,18,10,7,12,26,L
HOU,240,127,45,100,45,20,51,39.2,17,18,94.4,13,29,42,17,13,7,12,19,W
HOU,240,118,43,87,49.4,13,41,31.7,19,25,76,12,31,43,19,13,2,14,19,W
HOU,240,125,40,87,46,15,39,38.5,30,37,81.1,8,40,48,17,15,8,14,29,W
HOU,240,122,45,85,52.9,16,44,36.4,16,21,76.2,11,19,30,23,6,3,10,24,L
HOU,240,116,40,101,39.6,19,56,33.9,17,24,70.8,15,30,45,22,11,5,12,20,L
HOU,240,103,38,80,47.5,12,36,33.3,15,21,71.4,3,36,39,20,8,7,13,19,W
HOU,240,121,41,91,45.1,10,46,21.7,29,33,87.9,12,28,40,17,11,5,12,21,W
HOU,240,114,37,90,41.1,11,44,25,29,38,76.3,15,29,44,10,15,10,13,25,W
HOU,240,93,31,86,36,11,42,26.2,20,26,76.9,6,32,38,14,9,6,12,25,L
HOU,265,138,42,100,42,25,68,36.8,29,36,80.6,12,27,39,23,9,4,12,27,W
HOU,265,142,45,105,42.9,23,70,32.9,29,34,85.3,10,37,47,18,7,8,10,24,L
HOU,240,112,37,84,44,18,48,37.5,20,22,90.9,7,29,36,17,12,3,14,20,W
HOU,240,109,38,86,44.2,10,42,23.8,23,27,85.2,9,29,38,20,7,1,10,21,L
HOU,240,141,46,89,51.7,20,52,38.5,29,32,90.6,8,37,45,28,8,9,15,18,W
HOU,240,109,32,85,37.6,18,48,37.5,27,32,84.4,14,32,46,19,4,7,19,18,L
HOU,240,125,38,76,50,22,47,46.8,27,34,79.4,4,30,34,28,8,3,15,23,W
HOU,240,101,39,84,46.4,13,38,34.2,10,12,83.3,10,30,40,13,6,5,12,22,L
HOU,265,135,45,99,45.5,21,54,38.9,24,28,85.7,13,35,48,30,8,5,11,20,W
GSW,240,132,46,84,54.8,14,28,50,26,32,81.3,7,37,44,31,7,8,15,24,W
GSW,240,115,40,80,50,12,25,48,23,28,82.1,5,37,42,27,9,4,12,18,W
GSW,265,109,45,106,42.5,13,44,29.5,6,15,40,14,45,59,36,10,9,15,19,L
GSW,240,101,38,93,40.9,9,36,25,16,21,76.2,7,30,37,28,5,1,14,21,L
GSW,240,129,42,93,45.2,14,40,35,31,36,86.1,15,31,46,22,9,7,7,27,W
GSW,240,120,45,98,45.9,15,43,34.9,15,16,93.8,15,39,54,34,7,7,13,23,W
GSW,240,103,38,95,40,10,31,32.3,17,18,94.4,10,38,48,18,10,9,12,21,L
GSW,240,110,37,85,43.5,12,31,38.7,24,27,88.9,6,36,42,23,10,5,10,19,W
GSW,240,130,44,96,45.8,15,40,37.5,27,36,75,15,45,60,32,5,0,18,23,W
GSW,240,93,39,82,47.6,6,26,23.1,9,13,69.2,5,35,40,28,5,11,19,18,L
GSW,240,116,39,93,41.9,19,43,44.2,19,21,90.5,14,35,49,25,6,5,17,26,W
GSW,240,105,40,89,44.9,19,46,41.3,6,7,85.7,6,37,43,32,7,6,18,20,W
GSW,240,129,45,85,52.9,18,34,52.9,21,24,87.5,9,37,46,29,6,5,9,17,W
GSW,240,128,48,82,58.5,13,24,54.2,19,22,86.4,6,33,39,33,10,8,20,24,W
GSW,240,102,39,85,45.9,6,26,23.1,18,21,85.7,8,36,44,23,6,5,15,22,L
GSW,265,128,50,103,48.5,11,30,36.7,17,20,85,17,29,46,27,6,5,15,22,L
GSW,240,116,41,84,48.8,13,35,37.1,21,23,91.3,10,36,46,21,8,7,15,19,W
GSW,240,117,41,88,46.6,10,34,29.4,25,29,86.2,12,42,54,28,5,6,15,24,W
GSW,240,125,48,85,56.5,17,32,53.1,12,16,75,6,37,43,29,11,10,15,22,W
GSW,240,95,36,83,43.4,7,29,24.1,16,24,66.7,7,35,42,24,7,10,17,18,L
GSW,240,92,35,86,40.7,5,26,19.2,17,21,81,10,36,46,20,6,4,12,17,L
GSW,240,109,42,94,44.7,9,33,27.3,16,17,94.1,12,35,47,24,6,6,12,27,L
GSW,240,86,32,76,42.1,4,18,22.2,18,22,81.8,12,32,44,18,2,5,17,24,L
GSW,240,110,39,91,42.9,12,27,44.4,20,21,95.2,13,35,48,28,8,6,13,20,W
GSW,265,116,44,94,46.8,12,31,38.7,16,23,69.6,11,35,46,27,7,8,17,25,L
GSW,240,116,46,83,55.4,7,16,43.8,17,21,81,6,30,36,27,9,7,10,24,W
GSW,240,111,42,87,48.3,10,28,35.7,17,22,77.3,8,30,38,31,5,6,18,22,L
GSW,240,117,41,81,50.6,13,24,54.2,22,23,95.7,8,38,46,29,4,4,13,25,W
GSW,240,116,43,88,48.9,13,34,38.2,17,22,77.3,12,49,61,31,3,9,16,16,W
GSW,240,131,47,89,52.8,16,32,50,21,30,70,12,34,46,39,10,4,17,24,W
GSW,240,149,53,96,55.2,24,45,53.3,19,26,73.1,8,41,49,34,9,7,7,29,W
GSW,240,120,44,89,49.4,11,33,33.3,21,24,87.5,12,35,47,28,11,7,12,16,W
GSW,240,128,51,87,58.6,16,33,48.5,10,12,83.3,6,33,39,26,10,6,14,16,W
GSW,240,144,53,92,57.6,15,33,45.5,23,25,92,10,38,48,37,6,5,18,22,W
GSW,240,123,45,88,51.1,14,37,37.8,19,26,73.1,7,33,40,35,12,4,14,24,W
GSW,240,98,36,79,45.6,7,29,24.1,19,24,79.2,6,34,40,22,4,6,19,29,L
GSW,240,124,49,87,56.3,10,19,52.6,16,18,88.9,8,35,43,27,10,6,16,23,W
GSW,240,108,42,95,44.2,7,26,26.9,17,18,94.4,17,41,58,28,7,7,21,29,W
GSW,240,117,46,92,50,13,30,43.3,12,14,85.7,9,30,39,32,3,5,14,17,L
GSW,240,112,43,89,48.3,12,30,40,14,21,66.7,11,47,58,25,8,3,15,17,W
GSW,240,131,53,97,54.6,12,37,32.4,13,15,86.7,11,37,48,34,16,8,11,22,W
GSW,240,120,46,87,52.9,20,37,54.1,8,8,100,4,34,38,29,2,8,13,21,W
GSW,240,108,43,98,43.9,18,46,39.1,4,5,80,9,42,51,30,11,5,15,18,W
GSW,240,116,50,92,54.3,13,34,38.2,3,8,37.5,13,42,55,36,11,11,24,21,W
GSW,240,137,53,88,60.2,21,33,63.6,10,12,83.3,10,40,50,41,7,10,15,19,W
GSW,265,130,46,98,46.9,18,40,45,20,28,71.4,8,37,45,27,11,3,15,24,L
GSW,240,118,45,84,53.6,15,31,48.4,13,15,86.7,6,40,46,30,9,7,14,19,W
GSW,240,121,46,74,62.2,13,25,52,16,19,84.2,7,30,37,31,3,5,16,23,W
GSW,240,91,36,90,40,4,30,13.3,15,21,71.4,8,28,36,22,6,2,10,22,L
GSW,240,112,44,89,49.4,13,36,36.1,11,16,68.8,10,40,50,32,6,8,16,19,W
GSW,240,117,44,91,48.4,19,42,45.2,10,14,71.4,8,38,46,39,6,7,13,25,W
GSW,240,105,41,88,46.6,13,39,33.3,10,12,83.3,7,36,43,27,7,6,13,20,L
GSW,240,110,39,83,47,15,35,42.9,17,22,77.3,8,45,53,25,10,6,17,22,W
GSW,240,106,42,85,49.4,12,32,37.5,10,10,100,12,32,44,28,7,2,15,20,W
GSW,240,111,42,95,44.2,10,43,23.3,17,22,77.3,15,34,49,34,10,6,17,24,L
GSW,240,122,45,84,53.6,18,35,51.4,14,21,66.7,7,36,43,32,11,10,17,28,W
GSW,240,95,34,85,40,8,35,22.9,19,23,82.6,9,36,45,26,5,2,22,24,L
GSW,240,120,41,81,50.6,14,33,42.4,24,34,70.6,4,35,39,23,14,7,14,22,W
GSW,240,96,39,97,40.2,9,40,22.5,9,10,90,9,38,47,16,5,3,12,14,L
GSW,240,125,44,89,49.4,17,48,35.4,20,28,71.4,8,29,37,21,7,3,10,21,L
GSW,240,121,48,95,50.5,14,41,34.1,11,13,84.6,13,36,49,35,9,8,15,18,W
GSW,240,112,42,90,46.7,14,36,38.9,14,20,70,9,36,45,26,9,10,18,19,L
GSW,240,125,43,94,45.7,19,46,41.3,20,24,83.3,8,41,49,32,5,11,15,26,W
GSW,240,107,39,97,40.2,13,38,34.2,16,18,88.9,18,31,49,26,1,9,9,26,L
GSW,240,115,44,89,49.4,13,41,31.7,14,21,66.7,5,35,40,29,12,7,7,20,W
GSW,240,120,44,82,53.7,13,36,36.1,19,26,73.1,7,29,36,28,8,5,12,16,W
GSW,240,117,41,81,50.6,10,29,34.5,25,35,71.4,9,40,49,30,5,9,18,23,W
GSW,240,141,55,95,57.9,16,34,47.1,15,21,71.4,14,38,52,42,14,5,12,20,W
GSW,240,115,43,91,47.3,11,34,32.4,18,19,94.7,7,37,44,31,4,9,10,17,W
GSW,240,104,41,88,46.6,11,38,28.9,11,16,68.8,9,28,37,30,13,7,15,19,L
GSW,240,132,53,98,54.1,13,31,41.9,13,16,81.3,13,35,48,39,9,7,14,19,W
GSW,240,115,37,83,44.6,12,33,36.4,29,34,85.3,11,42,53,25,8,7,15,19,W
GSW,240,126,50,88,56.8,7,20,35,19,21,90.5,8,42,50,34,5,6,15,21,W
GSW,240,130,50,98,51,16,37,43.2,14,19,73.7,13,37,50,41,8,6,12,27,W
GSW,240,112,42,86,48.8,9,37,24.3,19,27,70.4,3,40,43,31,11,8,10,24,W
GSW,240,147,49,102,48,24,49,49,25,31,80.6,10,47,57,33,8,5,10,24,W
GSW,240,142,57,95,60,21,39,53.8,7,10,70,12,38,50,38,6,4,10,20,W
GSW,240,119,45,99,45.5,19,45,42.2,10,12,83.3,16,33,49,26,9,8,10,22,W
GSW,240,146,53,92,57.6,18,39,46.2,22,26,84.6,11,38,49,38,6,8,12,27,W
GSW,240,122,49,96,51,14,45,31.1,10,12,83.3,15,34,49,36,9,10,16,14,W
GSW,240,127,47,93,50.5,21,47,44.7,12,14,85.7,12,35,47,29,5,8,14,16,W
GSW,265,134,53,102,52,14,37,37.8,14,15,93.3,9,38,47,33,8,6,15,19,L
DET,240,107,39,92,42.4,8,31,25.8,21,23,91.3,17,34,51,21,6,2,13,21,L
DET,240,88,34,91,37.4,9,36,25,11,12,91.7,16,28,44,25,7,6,22,22,L
DET,240,106,37,80,46.3,14,37,37.8,18,19,94.7,11,35,46,25,8,4,24,20,W
DET,240,95,34,83,41,10,29,34.5,17,27,63,5,36,41,21,6,9,16,25,L
DET,240,86,32,82,39,8,34,23.5,14,22,63.6,12,29,41,21,8,5,16,22,L
DET,265,129,46,94,48.9,20,48,41.7,17,28,60.7,8,36,44,26,3,2,13,25,W
DET,240,104,39,88,44.3,14,35,40,12,15,80,10,35,45,25,3,2,16,20,L
DET,240,113,39,80,48.8,10,30,33.3,25,35,71.4,10,38,48,25,10,7,20,21,W
DET,240,107,40,86,46.5,13,34,38.2,14,21,66.7,10,39,49,23,4,10,14,26,L
DET,240,102,41,84,48.8,9,21,42.9,11,21,52.4,10,36,46,23,5,5,15,24,L
DET,240,108,43,98,43.9,9,29,31,13,24,54.2,17,30,47,28,8,5,10,22,L
DET,240,111,37,89,41.6,7,28,25,30,37,81.1,17,32,49,22,10,3,18,24,L
DET,240,92,35,95,36.8,9,38,23.7,13,19,68.4,12,39,51,19,6,1,20,26,L
DET,240,83,31,94,33,6,32,18.8,15,19,78.9,9,32,41,16,10,3,17,18,L
DET,240,111,43,98,43.9,12,35,34.3,13,20,65,14,33,47,22,8,2,12,21,W
DET,240,107,41,92,44.6,13,34,38.2,12,16,75,13,39,52,24,5,5,13,17,W
DET,240,115,38,80,47.5,7,24,29.2,32,45,71.1,7,41,48,20,5,7,13,26,W
DET,240,118,43,93,46.2,16,41,39,16,25,64,13,28,41,30,9,0,13,19,W
DET,265,116,40,88,45.5,7,27,25.9,29,40,72.5,14,35,49,18,11,5,14,18,W
DET,240,124,40,85,47.1,16,34,47.1,28,37,75.7,15,22,37,20,8,1,16,26,L
DET,240,113,41,89,46.1,13,38,34.2,18,19,94.7,13,37,50,26,5,4,12,27,W
DET,240,106,44,91,48.4,10,33,30.3,8,13,61.5,7,32,39,24,8,5,18,24,W
DET,240,103,38,104,36.5,12,44,27.3,15,19,78.9,22,29,51,21,5,4,10,18,L
DET,240,124,46,97,47.4,20,47,42.6,12,19,63.2,10,34,44,30,10,6,11,31,W
DET,240,103,37,90,41.1,11,37,29.7,18,20,90,13,37,50,21,13,1,20,15,W
DET,265,115,43,105,41,11,35,31.4,18,28,64.3,21,39,60,27,8,3,19,30,L
DET,240,99,33,83,39.8,5,30,16.7,28,41,68.3,7,37,44,16,8,3,17,32,L
DET,265,119,39,93,41.9,11,34,32.4,30,39,76.9,14,41,55,16,8,6,17,30,L
DET,240,105,37,88,42,8,30,26.7,23,27,85.2,11,39,50,17,6,3,17,28,L
DET,240,89,33,89,37.1,7,37,18.9,16,20,80,6,41,47,16,4,3,11,24,L
DET,240,110,41,78,52.6,11,28,39.3,17,29,58.6,13,35,48,21,4,5,20,21,W
DET,265,133,51,108,47.2,12,33,36.4,19,27,70.4,12,34,46,22,4,4,8,24,W
DET,240,118,41,101,40.6,18,40,45,18,23,78.3,18,31,49,21,4,4,10,23,W
DET,240,103,39,92,42.4,6,24,25,19,22,86.4,14,32,46,21,5,5,17,20,W
DET,240,115,41,85,48.2,14,33,42.4,19,20,95,11,45,56,25,5,2,14,23,W
DET,240,100,35,88,39.8,10,34,29.4,20,28,71.4,14,26,40,16,13,4,9,21,W
DET,240,91,34,92,37,10,41,24.4,13,15,86.7,18,37,55,20,3,7,9,18,L
DET,240,110,35,81,43.2,15,41,36.6,25,31,80.6,4,28,32,20,10,8,14,23,L
DET,240,89,31,80,38.8,11,41,26.8,16,24,66.7,11,35,46,21,6,5,20,25,L
DET,240,102,38,88,43.2,12,33,36.4,14,19,73.7,16,25,41,21,7,5,15,24,L
DET,240,99,37,86,43,5,25,20,20,26,76.9,7,38,45,20,8,6,10,21,W
DET,240,115,46,86,53.5,17,35,48.6,6,12,50,10,33,43,25,8,9,12,18,W
DET,240,92,36,102,35.3,11,42,26.2,9,13,69.2,17,39,56,19,5,2,6,21,L
DET,240,114,39,84,46.4,12,31,38.7,24,25,96,10,19,29,25,6,0,8,13,L
DET,240,112,42,84,50,14,34,41.2,14,14,100,6,23,29,24,9,3,8,21,L
DET,240,118,38,90,42.2,17,42,40.5,25,34,73.5,19,27,46,23,11,6,15,26,W
DET,240,119,42,94,44.7,18,44,40.9,17,21,81,19,28,47,24,6,4,12,21,L
DET,240,110,39,83,47,8,27,29.6,24,27,88.9,11,33,44,23,8,3,10,18,W
DET,240,111,37,86,43,17,39,43.6,20,32,62.5,16,34,50,26,5,4,15,19,W
DET,240,74,27,77,35.1,8,37,21.6,12,18,66.7,10,27,37,20,7,7,18,23,L
DET,240,75,27,97,27.8,8,34,23.5,13,16,81.3,17,32,49,16,7,3,13,22,L
DET,240,131,49,91,53.8,19,35,54.3,14,22,63.6,10,34,44,34,5,1,8,24,W
DET,240,112,45,83,54.2,9,27,33.3,13,21,61.9,7,34,41,23,5,9,17,19,W
DET,240,131,50,93,53.8,14,33,42.4,17,22,77.3,11,31,42,29,5,3,5,19,W
DET,265,112,40,86,46.5,12,33,36.4,20,29,69,8,38,46,25,10,3,18,24,W
DET,240,129,47,87,54,20,37,54.1,15,17,88.2,9,42,51,27,5,8,12,24,W
DET,240,93,36,100,36,15,38,39.5,6,7,85.7,8,33,41,19,6,3,6,14,L
DET,240,113,39,88,44.3,18,41,43.9,17,26,65.4,15,32,47,28,8,4,12,20,W
DET,240,119,42,80,52.5,14,33,42.4,21,26,80.8,7,34,41,21,6,5,14,24,W
DET,240,125,46,95,48.4,15,40,37.5,18,28,64.3,10,34,44,20,11,4,8,21,W
DET,240,110,36,84,42.9,13,40,32.5,25,34,73.5,10,31,41,19,7,1,11,18,L
DET,240,121,44,85,51.8,15,36,41.7,18,21,85.7,10,38,48,25,6,2,16,21,W
DET,240,120,42,86,48.8,13,30,43.3,23,29,79.3,11,35,46,24,3,6,13,27,W
DET,240,105,37,79,46.8,12,34,35.3,19,24,79.2,6,35,41,22,4,7,11,21,W
DET,240,129,48,88,54.5,16,37,43.2,17,20,85,16,37,53,32,8,8,20,20,W
DET,240,101,35,83,42.2,17,42,40.5,14,20,70,7,31,38,21,6,4,14,27,L
DET,240,93,33,86,38.4,9,33,27.3,18,23,78.3,15,37,52,21,5,5,11,24,W
DET,240,105,42,89,47.2,12,37,32.4,9,12,75,10,29,39,29,8,3,12,14,L
DET,240,101,35,85,41.2,12,38,31.6,19,25,76,13,33,46,22,6,0,13,26,L
DET,240,98,36,89,40.4,13,39,33.3,13,19,68.4,9,40,49,24,5,3,9,15,W
DET,240,87,31,77,40.3,11,34,32.4,14,18,77.8,2,38,40,22,5,3,18,21,L
DET,240,101,36,82,43.9,10,29,34.5,19,25,76,13,33,46,21,6,2,17,23,L
DET,240,98,35,82,42.7,13,33,39.4,15,18,83.3,8,34,42,23,7,2,12,20,W
DET,265,120,44,92,47.8,12,30,40,20,25,80,14,33,47,26,4,4,13,16,W
DET,240,94,35,90,38.9,11,36,30.6,13,16,81.3,5,33,38,16,13,4,11,27,L
DET,240,109,37,85,43.5,16,37,43.2,19,22,86.4,14,34,48,20,12,5,18,26,W
DET,240,102,35,82,42.7,11,38,28.9,21,24,87.5,9,28,37,22,13,3,20,21,L
DET,240,100,39,86,45.3,14,44,31.8,8,14,57.1,7,26,33,23,8,2,11,20,L
DET,240,107,42,85,49.4,9,32,28.1,14,17,82.4,9,28,37,22,5,2,13,22,L
DET,240,105,39,82,47.6,11,25,44,16,20,80,5,39,44,18,7,2,18,23,L
DET,240,101,36,83,43.4,16,40,40,13,22,59.1,7,35,42,23,7,3,10,17,W
DET,240,98,35,92,38,12,33,36.4,16,21,76.2,14,29,43,23,7,2,14,26,L
DEN,240,122,42,76,55.3,18,35,51.4,20,26,76.9,10,30,40,31,10,3,21,20,W
DEN,240,102,39,85,45.9,10,29,34.5,14,17,82.4,16,36,52,29,5,4,20,20,W
DEN,240,103,35,90,38.9,18,40,45,15,23,65.2,11,36,47,29,10,3,13,17,L
DEN,240,111,41,97,42.3,9,31,29,20,25,80,13,24,37,21,10,5,9,16,L
DEN,240,126,50,90,55.6,12,29,41.4,14,18,77.8,12,35,47,33,7,3,16,28,W
DEN,240,95,36,85,42.4,10,30,33.3,13,16,81.3,10,34,44,21,7,4,9,14,W
DEN,240,109,42,83,50.6,11,34,32.4,14,15,93.3,12,36,48,29,8,6,20,24,W
DEN,240,105,39,77,50.6,9,28,32.1,18,23,78.3,11,29,40,22,11,6,14,17,W
DEN,240,98,36,97,37.1,9,36,25,17,21,81,11,37,48,28,11,4,15,16,L
DEN,240,107,39,101,38.6,8,35,22.9,21,26,80.8,20,35,55,24,6,12,9,28,L
DEN,265,124,45,82,54.9,11,19,57.9,23,37,62.2,4,39,43,34,5,2,10,19,W
DEN,240,106,40,89,44.9,11,28,39.3,15,24,62.5,15,34,49,32,9,2,20,14,W
DEN,240,113,40,87,46,14,30,46.7,19,26,73.1,13,28,41,28,11,3,12,21,W
DEN,240,117,47,97,48.5,9,25,36,14,15,93.3,16,44,60,28,7,4,12,17,W
DEN,240,105,39,95,41.1,10,30,33.3,17,24,70.8,15,39,54,26,6,9,18,20,W
DEN,240,112,44,93,47.3,9,28,32.1,15,17,88.2,12,39,51,33,10,5,11,20,W
DEN,240,103,42,89,47.2,14,35,40,5,6,83.3,9,31,40,29,12,4,14,22,W
DEN,240,98,40,94,42.6,12,41,29.3,6,9,66.7,13,30,43,30,6,4,18,20,L
DEN,240,115,46,95,48.4,15,39,38.5,8,13,61.5,10,33,43,30,5,6,13,23,L
DEN,240,138,53,94,56.4,13,31,41.9,19,25,76,11,45,56,34,12,6,15,24,W
DEN,240,99,38,76,50,11,25,44,12,16,75,7,24,31,27,11,2,16,20,L
DEN,240,114,41,89,46.1,18,38,47.4,14,20,70,10,29,39,27,8,5,10,16,L
DEN,240,110,40,87,46,5,18,27.8,25,34,73.5,15,39,54,20,3,5,13,28,L
DEN,240,87,32,82,39,8,32,25,15,19,78.9,13,28,41,19,9,3,19,22,L
DEN,240,115,41,90,45.6,13,34,38.2,20,28,71.4,15,32,47,25,5,4,13,14,W
DEN,240,103,41,83,49.4,9,28,32.1,12,19,63.2,8,40,48,32,8,0,17,26,W
DEN,240,110,41,85,48.2,10,26,38.5,18,21,85.7,14,30,44,22,8,7,12,18,W
DEN,265,108,45,99,45.5,7,26,26.9,11,18,61.1,17,39,56,24,7,9,16,16,W
DEN,240,116,42,93,45.2,11,35,31.4,21,23,91.3,9,32,41,28,14,5,13,17,W
DEN,240,114,46,92,50,6,23,26.1,16,20,80,10,34,44,22,8,5,19,22,L
DEN,240,126,51,99,51.5,11,30,36.7,13,15,86.7,15,34,49,31,11,3,12,22,W
DEN,240,100,35,86,40.7,6,32,18.8,24,42,57.1,13,34,47,21,11,4,10,22,W
DEN,240,119,43,85,50.6,9,28,32.1,24,29,82.8,9,45,54,28,12,6,18,31,W
DEN,240,107,33,87,37.9,8,24,33.3,33,42,78.6,14,42,56,20,6,9,11,22,W
DEN,240,99,39,87,44.8,10,33,30.3,11,17,64.7,12,41,53,23,6,4,13,12,W
DEN,240,108,41,88,46.6,12,25,48,14,22,63.6,3,28,31,24,9,3,7,28,L
DEN,240,108,42,95,44.2,13,33,39.4,11,20,55,12,30,42,24,9,4,11,26,L
DEN,240,119,43,84,51.2,7,27,25.9,26,29,89.7,12,27,39,27,10,4,10,19,W
DEN,240,113,47,87,54,12,33,36.4,7,12,58.3,8,39,47,41,6,3,15,20,W
DEN,240,102,36,96,37.5,7,30,23.3,23,29,79.3,12,28,40,23,19,4,16,15,L
DEN,240,90,35,93,37.6,7,36,19.4,13,20,65,12,45,57,18,6,5,11,18,L
DEN,240,115,48,85,56.5,14,33,42.4,5,6,83.3,7,32,39,30,6,1,13,21,W
DEN,240,85,31,84,36.9,4,24,16.7,19,20,95,7,31,38,22,7,3,15,17,L
DEN,240,95,37,87,42.5,7,27,25.9,14,20,70,11,45,56,22,3,2,14,19,W
DEN,240,88,33,93,35.5,7,29,24.1,15,16,93.8,15,26,41,21,5,7,17,17,L
DEN,240,111,40,96,41.7,15,38,39.5,16,19,84.2,17,45,62,24,5,5,9,15,W
DEN,240,113,46,87,52.9,14,30,46.7,7,11,63.6,9,31,40,30,9,4,8,20,W
DEN,240,114,46,94,48.9,14,39,35.9,8,10,80,11,40,51,29,6,5,19,19,W
DEN,240,102,39,82,47.6,11,38,28.9,13,20,65,9,30,39,27,6,5,11,22,W
DEN,240,100,39,81,48.1,8,29,27.6,14,17,82.4,8,36,44,27,6,7,11,16,W
DEN,240,133,51,85,60,18,30,60,13,15,86.7,7,29,36,40,6,6,14,16,W
DEN,240,105,33,87,37.9,12,33,36.4,27,35,77.1,14,32,46,21,9,3,19,22,L
DEN,240,115,45,98,45.9,13,42,31,12,17,70.6,18,37,55,33,6,3,8,17,W
DEN,240,103,41,95,43.2,17,40,42.5,4,4,100,8,35,43,27,5,3,13,17,L
DEN,240,112,39,92,42.4,9,32,28.1,25,29,86.2,10,34,44,25,13,7,16,22,L
DEN,240,104,40,99,40.4,7,25,28,17,24,70.8,16,39,55,25,6,5,13,23,L
DEN,240,121,41,88,46.6,13,28,46.4,26,35,74.3,11,36,47,28,9,4,18,28,W
DEN,240,123,44,85,51.8,12,34,35.3,23,35,65.7,12,44,56,30,11,6,23,28,W
DEN,240,114,42,103,40.8,14,37,37.8,16,25,64,21,42,63,32,11,2,13,26,W
DEN,240,120,45,99,45.5,8,31,25.8,22,25,88,14,39,53,26,7,1,14,19,W
DEN,240,103,38,89,42.7,16,37,43.2,11,13,84.6,10,35,45,27,7,6,15,17,W
DEN,240,110,46,94,48.9,6,26,23.1,12,13,92.3,8,32,40,35,5,3,13,19,L
DEN,240,130,50,99,50.5,13,35,37.1,17,21,81,12,36,48,32,7,8,13,26,L
DEN,240,103,41,92,44.6,9,28,32.1,12,22,54.5,10,22,32,28,10,3,14,19,L
DEN,240,107,42,89,47.2,13,33,39.4,10,14,71.4,15,33,48,29,3,7,10,16,W
DEN,240,136,51,82,62.2,14,31,45.2,20,23,87,10,26,36,37,7,4,8,14,W
DEN,240,105,42,89,47.2,9,30,30,12,19,63.2,6,37,43,31,10,7,10,17,W
DEN,240,95,37,84,44,8,36,22.2,13,14,92.9,9,28,37,17,10,2,15,18,W
DEN,240,126,48,94,51.1,8,24,33.3,22,29,75.9,11,40,51,27,4,4,11,21,W
DEN,240,132,47,94,50,15,36,41.7,23,29,79.3,16,41,57,26,9,1,12,20,W
DEN,240,108,42,88,47.7,8,27,29.6,16,20,80,12,38,50,20,7,9,16,25,L
DEN,240,124,50,89,56.2,15,37,40.5,9,11,81.8,12,31,43,33,7,2,12,25,W
DEN,240,135,50,96,52.1,20,40,50,15,20,75,13,32,45,34,6,2,7,16,W
DEN,240,111,42,92,45.7,14,34,41.2,13,16,81.3,9,27,36,30,4,3,8,12,L
DEN,240,116,45,81,55.6,9,22,40.9,17,20,85,4,31,35,21,5,0,12,20,W
DEN,240,93,34,88,38.6,10,31,32.3,15,22,68.2,13,37,50,25,7,6,17,19,L
DEN,240,121,50,99,50.5,11,28,39.3,10,13,76.9,15,38,53,29,7,8,9,23,W
DEN,240,103,41,87,47.1,9,27,33.3,12,17,70.6,15,35,50,32,2,2,16,20,W
DEN,240,113,44,93,47.3,7,29,24.1,18,21,85.7,14,32,46,26,7,3,14,21,L
DEN,240,123,47,102,46.1,14,39,35.9,15,20,75,17,29,46,30,10,6,8,19,W
DEN,240,117,41,89,46.1,14,39,35.9,21,30,70,16,38,54,24,3,3,14,20,W
DEN,240,115,44,95,46.3,12,34,35.3,15,23,65.2,16,37,53,36,7,6,9,19,W
BKN,240,115,38,79,48.1,15,35,42.9,24,35,68.6,5,35,40,28,6,3,15,17,L
BKN,240,87,33,83,39.8,4,27,14.8,17,20,85,9,39,48,15,4,10,14,20,L
BKN,290,134,51,104,49,19,47,40.4,13,18,72.2,10,47,57,31,8,7,17,26,W
BKN,240,111,40,85,47.1,10,27,37,21,33,63.6,14,35,49,25,7,4,17,15,W
BKN,240,106,33,72,45.8,16,31,51.6,24,34,70.6,11,30,41,28,5,3,22,23,L
BKN,240,96,34,74,45.9,8,25,32,20,25,80,7,38,45,23,3,2,14,14,W
BKN,240,115,44,91,48.4,14,34,41.2,13,19,68.4,4,36,40,27,5,4,12,18,W
BKN,240,144,49,88,55.7,16,40,40,30,33,90.9,10,29,39,34,12,3,13,21,W
BKN,240,125,44,84,52.4,11,31,35.5,26,31,83.9,9,36,45,34,5,3,10,17,W
BKN,240,127,38,74,51.4,14,28,50,37,43,86,7,30,37,20,10,1,17,23,W
BKN,240,112,43,88,48.9,11,22,50,15,25,60,12,33,45,27,5,5,16,25,W
BKN,265,106,43,98,43.9,11,35,31.4,9,13,69.2,16,44,60,22,8,2,20,28,W
BKN,240,112,37,86,43,15,36,41.7,23,30,76.7,10,35,45,21,7,4,15,24,L
BKN,240,97,39,99,39.4,10,40,25,9,16,56.3,17,33,50,17,5,2,8,20,L
BKN,240,88,30,81,37,8,33,24.2,20,25,80,11,31,42,19,8,2,19,17,L
BKN,290,125,42,94,44.7,16,44,36.4,25,30,83.3,11,40,51,26,7,4,19,28,L
BKN,240,91,30,86,34.9,11,30,36.7,20,28,71.4,14,34,48,11,12,5,20,20,L
BKN,240,125,50,88,56.8,10,25,40,15,20,75,10,33,43,19,2,4,16,25,L
BKN,240,102,33,79,41.8,14,45,31.1,22,26,84.6,9,37,46,26,2,4,19,22,L
BKN,240,113,42,94,44.7,14,42,33.3,15,21,71.4,16,26,42,23,8,2,14,31,L
BKN,240,104,38,88,43.2,8,31,25.8,20,26,76.9,13,40,53,17,6,4,12,21,W
BKN,240,119,40,88,45.5,13,28,46.4,26,34,76.5,15,32,47,25,4,5,11,22,L
BKN,240,115,38,90,42.2,9,33,27.3,30,38,78.9,13,34,47,19,8,3,12,24,W
BKN,240,107,41,101,40.6,8,28,28.6,17,24,70.8,16,30,46,17,10,2,15,29,L
BKN,240,113,40,101,39.6,18,50,36,15,22,68.2,19,23,42,28,10,2,13,29,L
BKN,240,100,36,77,46.8,7,24,29.2,21,29,72.4,12,29,41,20,7,2,15,22,L
BKN,240,112,36,88,40.9,12,33,36.4,28,42,66.7,12,30,42,21,7,9,8,24,W
BKN,240,104,41,92,44.6,9,36,25,13,19,68.4,13,39,52,22,9,5,10,22,W
BKN,240,122,50,105,47.6,9,28,32.1,13,18,72.2,15,23,38,27,11,3,9,28,W
BKN,240,111,42,85,49.4,15,34,44.1,12,20,60,9,29,38,22,5,4,12,28,L
BKN,265,120,43,101,42.6,12,38,31.6,22,30,73.3,18,37,55,26,5,3,16,33,W
BKN,240,96,34,84,40.5,11,38,28.9,17,22,77.3,11,21,32,22,6,7,10,20,L
BKN,240,114,42,87,48.3,20,42,47.6,10,15,66.7,5,32,37,28,5,3,15,20,L
BKN,240,115,43,98,43.9,19,40,47.5,10,15,66.7,16,38,54,26,6,8,21,22,L
BKN,240,102,38,87,43.7,14,34,41.2,12,15,80,8,36,44,23,8,1,14,16,W
BKN,240,112,41,86,47.7,16,37,43.2,14,22,63.6,9,31,40,25,6,6,20,18,L
BKN,240,107,37,75,49.3,12,30,40,21,24,87.5,12,43,55,22,2,6,22,23,W
BKN,240,100,40,82,48.8,5,27,18.5,15,22,68.2,5,34,39,28,9,5,19,23,L
BKN,240,113,43,114,37.7,21,58,36.2,6,7,85.7,20,48,68,29,7,3,12,13,W
BKN,240,108,40,88,45.5,11,36,30.6,17,22,77.3,17,35,52,23,7,4,16,13,W
BKN,240,133,48,97,49.5,19,45,42.2,18,23,78.3,12,31,43,25,7,0,10,19,W
BKN,240,105,41,86,47.7,10,32,31.3,13,21,61.9,9,44,53,23,3,2,16,19,L
BKN,240,121,39,94,41.5,16,44,36.4,27,34,79.4,16,39,55,19,6,5,23,26,L
BKN,240,110,38,83,45.8,12,38,31.6,22,28,78.6,5,35,40,22,7,2,14,17,W
BKN,240,110,40,90,44.4,11,32,34.4,19,29,65.5,11,34,45,25,4,3,15,22,L
BKN,290,144,49,103,47.6,15,42,35.7,31,44,70.5,15,44,59,25,3,4,16,31,L
BKN,240,111,37,92,40.2,16,42,38.1,21,28,75,11,36,47,21,8,4,14,25,W
BKN,240,123,47,94,50,12,35,34.3,17,23,73.9,11,30,41,28,16,4,18,19,W
BKN,240,116,42,100,42,14,38,36.8,18,25,72,15,36,51,26,6,7,14,28,L
BKN,240,98,33,95,34.7,12,36,33.3,20,22,90.9,8,36,44,20,9,5,7,24,L
BKN,240,96,35,84,41.7,13,35,37.1,13,19,68.4,7,36,43,19,7,5,17,18,L
BKN,240,103,39,79,49.4,11,31,35.5,14,22,63.6,5,48,53,21,9,4,17,18,W
BKN,240,114,33,86,38.4,15,44,34.1,33,54,61.1,15,39,54,21,7,3,14,23,W
BKN,240,113,43,91,47.3,12,33,36.4,15,26,57.7,11,39,50,21,5,7,14,22,W
BKN,240,127,48,85,56.5,17,41,41.5,14,19,73.7,3,45,48,29,8,1,13,23,W
BKN,240,88,31,88,35.2,9,42,21.4,17,22,77.3,7,29,36,20,6,6,12,14,L
BKN,240,112,44,86,51.2,10,32,31.3,14,18,77.8,7,30,37,27,2,5,17,19,L
BKN,240,116,39,85,45.9,8,35,22.9,30,39,76.9,7,34,41,20,7,3,16,27,L
BKN,240,101,35,81,43.2,19,50,38,12,16,75,6,45,51,24,5,5,16,15,W
BKN,240,117,40,87,46,17,43,39.5,20,26,76.9,11,31,42,23,5,6,13,26,W
BKN,240,99,36,92,39.1,7,36,19.4,20,26,76.9,12,37,49,26,4,2,12,19,L
BKN,315,148,52,113,46,18,45,40,26,34,76.5,16,44,60,31,4,13,18,23,W
BKN,240,125,46,88,52.3,20,41,48.8,13,18,72.2,5,26,31,33,6,3,15,18,L
BKN,240,106,39,94,41.5,13,41,31.7,15,16,93.8,6,27,33,26,9,1,13,21,L
BKN,240,135,46,90,51.1,19,34,55.9,24,33,72.7,5,35,40,36,9,5,14,22,W
BKN,240,94,33,102,32.4,5,42,11.9,23,28,82.1,16,40,56,23,5,9,13,21,L
BKN,240,89,33,91,36.3,10,38,26.3,13,16,81.3,8,42,50,23,6,2,19,11,L
BKN,240,114,42,89,47.2,11,34,32.4,19,29,65.5,5,41,46,30,5,7,14,23,L
BKN,240,122,42,94,44.7,10,35,28.6,28,40,70,7,36,43,25,11,2,8,21,W
BKN,240,104,39,103,37.9,13,34,38.2,13,16,81.3,16,32,48,20,10,5,17,20,L
BKN,240,109,34,84,40.5,9,33,27.3,32,47,68.1,18,42,60,19,5,2,20,21,W
BKN,240,114,43,90,47.8,10,32,31.3,18,23,78.3,12,33,45,20,7,2,17,22,W
BKN,240,123,45,90,50,13,35,37.1,20,24,83.3,12,44,56,25,9,4,17,15,W
BKN,240,117,44,97,45.4,19,46,41.3,10,15,66.7,9,32,41,24,5,5,11,19,W
BKN,265,145,56,108,51.9,16,36,44.4,17,22,77.3,16,41,57,29,4,3,14,25,W
BKN,240,109,37,86,43,13,38,34.2,22,25,88,13,42,55,18,5,7,17,20,W
BKN,240,105,37,88,42,11,30,36.7,20,30,66.7,9,45,54,20,4,4,17,21,L
BKN,240,116,43,95,45.3,10,30,33.3,20,26,76.9,18,36,54,21,10,9,20,28,W
BKN,240,95,32,79,40.5,11,42,26.2,20,22,90.9,9,38,47,19,5,4,25,16,L
BKN,240,117,42,83,50.6,16,46,34.8,17,22,77.3,6,32,38,29,6,3,10,16,W
BKN,240,109,36,79,45.6,13,34,38.2,24,26,92.3,8,37,45,25,6,2,20,19,W
BKN,240,126,47,93,50.5,16,31,51.6,16,21,76.2,12,31,43,27,7,5,10,23,W
BOS,240,111,43,88,48.9,11,34,32.4,14,20,70,9,31,40,30,5,8,12,17,L
BOS,240,112,40,80,50,16,36,44.4,16,18,88.9,7,29,36,29,10,4,17,24,W
BOS,240,113,38,81,46.9,12,31,38.7,25,31,80.6,6,31,37,28,9,3,11,22,L
BOS,265,121,45,108,41.7,14,41,34.1,17,20,85,13,42,55,21,8,4,9,21,W
BOS,240,119,43,86,50,13,39,33.3,20,25,80,11,36,47,30,8,4,14,22,W
BOS,240,107,35,91,38.5,10,34,29.4,27,36,75,9,27,36,22,13,3,5,16,L
BOS,240,103,38,85,44.7,15,39,38.5,12,14,85.7,9,28,37,26,13,15,16,17,L
BOS,240,104,39,94,41.5,9,33,27.3,17,23,73.9,12,32,44,19,11,4,14,25,L
BOS,240,129,46,95,48.4,19,39,48.7,18,20,90,13,34,47,28,15,9,22,21,W
BOS,265,130,47,104,45.2,11,38,28.9,25,25,100,14,36,50,20,6,2,14,19,W
BOS,240,113,44,90,48.9,12,39,30.8,13,19,68.4,14,37,51,23,8,5,15,21,W
BOS,240,133,50,93,53.8,22,43,51.2,11,15,73.3,13,41,54,34,10,4,7,14,W
BOS,240,128,49,92,53.3,13,38,34.2,17,20,85,7,39,46,32,8,6,9,24,W
BOS,240,118,40,85,47.1,17,44,38.6,21,21,100,7,33,40,30,9,3,14,25,W
BOS,240,128,49,92,53.3,17,31,54.8,13,16,81.3,12,35,47,30,4,4,10,27,W
BOS,240,124,48,97,49.5,19,39,48.7,9,10,90,14,28,42,27,14,4,15,25,W
BOS,240,104,41,86,47.7,10,28,35.7,12,13,92.3,9,33,42,19,8,3,18,21,L
BOS,240,114,42,91,46.2,13,40,32.5,17,21,81,7,36,43,31,11,7,16,29,W
BOS,240,109,38,97,39.2,10,33,30.3,23,32,71.9,15,35,50,30,10,9,8,16,L
BOS,240,112,45,89,50.6,9,32,28.1,13,18,72.2,8,33,41,31,9,6,12,22,L
BOS,240,86,35,91,38.5,5,33,15.2,11,20,55,17,34,51,16,11,4,14,22,L
BOS,265,123,47,89,52.8,9,26,34.6,20,24,83.3,9,37,46,25,9,6,18,23,W
BOS,240,111,42,90,46.7,15,34,44.1,12,14,85.7,8,43,51,27,12,5,14,12,W
BOS,240,94,36,93,38.7,14,42,33.3,8,10,80,11,31,42,19,11,5,13,16,L
BOS,240,115,39,88,44.3,17,43,39.5,20,22,90.9,5,23,28,31,11,3,8,20,L
BOS,265,116,39,97,40.2,14,37,37.8,24,31,77.4,17,39,56,21,6,6,16,18,W
BOS,240,107,44,87,50.6,9,31,29,10,12,83.3,7,33,40,22,9,9,12,21,L
BOS,240,101,38,88,43.2,19,46,41.3,6,9,66.7,10,35,45,23,6,8,14,20,L
BOS,240,117,41,92,44.6,24,55,43.6,11,13,84.6,8,34,42,30,5,8,13,23,W
BOS,240,108,37,84,44,9,31,29,25,32,78.1,8,38,46,25,8,4,14,20,W
BOS,240,109,39,86,45.3,14,34,41.2,17,25,68,8,46,54,25,4,8,13,26,W
BOS,240,101,33,86,38.4,11,32,34.4,24,33,72.7,10,35,45,19,7,1,12,27,W
BOS,240,90,37,91,40.7,9,40,22.5,7,9,77.8,9,42,51,21,6,3,12,15,L
BOS,240,103,33,82,40.2,9,25,36,28,33,84.8,11,36,47,21,8,2,15,26,W
BOS,240,101,40,99,40.4,14,36,38.9,7,10,70,16,33,49,29,4,6,16,27,L
BOS,240,105,42,97,43.3,11,37,29.7,10,14,71.4,12,43,55,21,7,5,15,20,W
BOS,240,116,45,99,45.5,15,44,34.1,11,23,47.8,13,37,50,27,10,3,6,17,W
BOS,240,108,42,89,47.2,12,31,38.7,12,14,85.7,6,33,39,28,9,4,14,19,L
BOS,240,117,48,92,52.2,7,27,25.9,14,16,87.5,7,42,49,27,7,6,11,15,W
BOS,240,112,38,80,47.5,9,24,37.5,27,31,87.1,6,36,42,25,8,7,12,21,W
BOS,240,110,36,91,39.6,17,40,42.5,21,24,87.5,14,35,49,25,8,2,13,18,W
BOS,240,96,35,83,42.2,8,20,40,18,23,78.3,7,32,39,19,8,7,15,25,L
BOS,240,114,44,86,51.2,13,27,48.1,13,17,76.5,7,36,43,27,8,5,14,19,W
BOS,240,116,46,91,50.5,10,25,40,14,19,73.7,11,35,46,23,8,3,10,21,W
BOS,240,96,38,94,40.4,7,35,20,13,16,81.3,11,34,45,23,4,2,8,14,L
BOS,240,117,44,93,47.3,19,43,44.2,10,15,66.7,7,35,42,31,6,8,11,23,L
BOS,240,115,45,96,46.9,12,32,37.5,13,16,81.3,10,36,46,22,1,3,9,25,L
BOS,240,105,39,93,41.9,12,39,30.8,15,19,78.9,12,25,37,24,12,5,13,16,L
BOS,240,129,44,93,47.3,13,36,36.1,28,37,75.7,11,35,46,30,10,7,14,21,W
BOS,240,126,49,97,50.5,9,28,32.1,19,26,73.1,10,42,52,32,7,2,13,20,W
BOS,240,115,44,91,48.4,14,36,38.9,13,19,68.4,7,22,29,26,11,4,13,24,L
BOS,240,120,48,93,51.6,14,38,36.8,10,14,71.4,6,37,43,32,6,5,13,17,W
BOS,240,111,40,79,50.6,13,33,39.4,18,21,85.7,3,32,35,26,11,1,18,22,W
BOS,240,128,49,96,51,14,34,41.2,16,17,94.1,9,37,46,38,12,5,11,24,W
BOS,240,104,37,77,48.1,8,28,28.6,22,29,75.9,8,36,44,23,7,0,13,23,L
BOS,240,107,42,94,44.7,10,35,28.6,13,17,76.5,11,35,46,26,12,3,12,18,W
BOS,240,92,40,86,46.5,5,28,17.9,7,10,70,8,33,41,20,5,4,17,20,L
BOS,240,95,33,86,38.4,6,30,20,23,28,82.1,10,37,47,24,6,4,14,20,L
BOS,240,116,45,92,48.9,10,29,34.5,16,21,76.2,6,26,32,26,6,7,7,18,L
BOS,240,97,39,102,38.2,14,40,35,5,6,83.3,12,38,50,19,11,9,7,15,L
BOS,240,118,45,88,51.1,16,39,41,12,15,80,10,37,47,32,8,2,16,22,W
BOS,240,112,41,88,46.6,13,29,44.8,17,21,81,8,33,41,24,9,3,5,23,W
BOS,240,112,39,92,42.4,9,26,34.6,25,31,80.6,8,37,45,21,9,3,12,29,L
BOS,240,128,46,94,48.9,16,38,42.1,20,20,100,11,37,48,35,7,5,8,16,L
BOS,240,103,40,82,48.8,9,26,34.6,14,14,100,8,34,42,29,10,10,13,14,W
BOS,240,134,54,91,59.3,13,34,38.2,13,17,76.5,5,33,38,36,8,6,14,22,W
BOS,240,113,46,100,46,13,37,35.1,8,10,80,11,32,43,25,11,7,7,18,W
BOS,240,126,50,90,55.6,12,29,41.4,14,16,87.5,12,41,53,34,10,7,12,14,W
BOS,240,112,45,100,45,13,40,32.5,9,10,90,16,36,52,29,11,16,18,16,W
BOS,240,111,41,99,41.4,15,40,37.5,14,15,93.3,15,34,49,23,6,4,14,22,L
BOS,240,123,45,86,52.3,12,25,48,21,23,91.3,9,34,43,25,12,5,14,20,W
BOS,240,107,43,87,49.4,12,30,40,9,10,90,8,28,36,26,13,7,19,21,W
BOS,240,113,39,88,44.3,12,32,37.5,23,25,92,11,32,43,19,10,8,15,18,W
BOS,240,122,44,86,51.2,17,38,44.7,17,22,77.3,10,42,52,29,5,9,17,20,W
BOS,240,117,46,92,50,14,30,46.7,11,13,84.6,14,35,49,32,7,6,15,24,W
BOS,240,102,37,91,40.7,11,36,30.6,17,23,73.9,10,31,41,21,10,8,12,21,L
BOS,240,103,38,90,42.2,8,32,25,19,28,67.9,10,36,46,19,7,3,8,18,L
BOS,240,99,36,89,40.4,12,34,35.3,15,17,88.2,9,28,37,20,5,8,11,10,L
BOS,240,135,50,88,56.8,14,32,43.8,21,24,87.5,9,39,48,32,7,7,14,25,W
BOS,240,116,47,93,50.5,12,32,37.5,10,12,83.3,6,37,43,37,13,2,14,21,W
BOS,240,114,42,96,43.8,21,45,46.7,9,11,81.8,14,39,53,35,12,4,13,16,W
BOS,240,115,45,76,59.2,12,30,40,13,15,86.7,3,30,33,34,10,9,16,21,W
